-- phpMyAdmin SQL Dump
-- version 4.9.7
-- https://www.phpmyadmin.net/
--
-- Host: localhost:3306
-- Waktu pembuatan: 26 Feb 2022 pada 01.20
-- Versi server: 10.3.34-MariaDB
-- Versi PHP: 7.3.33

SET SQL_MODE = "NO_AUTO_VALUE_ON_ZERO";
SET AUTOCOMMIT = 0;
START TRANSACTION;
SET time_zone = "+00:00";


/*!40101 SET @OLD_CHARACTER_SET_CLIENT=@@CHARACTER_SET_CLIENT */;
/*!40101 SET @OLD_CHARACTER_SET_RESULTS=@@CHARACTER_SET_RESULTS */;
/*!40101 SET @OLD_COLLATION_CONNECTION=@@COLLATION_CONNECTION */;
/*!40101 SET NAMES utf8mb4 */;

--
-- Database: `onlinep1_db_olpet`
CREATE DATABASE IF NOT EXISTS `onlinep1_db_olpet`;
--
USE `onlinep1_db_olpet`;
-- --------------------------------------------------------

--
-- Struktur dari tabel `article`
--

CREATE TABLE `article` (
  `id` int(11) NOT NULL,
  `judul` varchar(128) DEFAULT NULL,
  `isi` text DEFAULT NULL,
  `penulis` varchar(128) DEFAULT NULL,
  `tanggal` int(11) DEFAULT NULL,
  `jenis_artikel` varchar(128) DEFAULT NULL,
  `kategori` varchar(128) DEFAULT NULL
) ENGINE=InnoDB DEFAULT CHARSET=utf8mb4;

--
-- Dumping data untuk tabel `article`
--

INSERT INTO `article` (`id`, `judul`, `isi`, `penulis`, `tanggal`, `jenis_artikel`, `kategori`) VALUES
(6, 'Berbagai Jenis Vaksin Kucing untuk Melindungi Anabul dari Penyakit Berbahaya, Bisa Mencegah Infeksi Virus Mematikan', 'Kucing sebenarnya tidak memiliki sembilan nyawa, jadi Anda perlu melakukan apa yang Anda bisa untuk melindunginya. Kuncinya? Vaksinasi yang tepat. Ada beberapa jenis vaksin kucing yang penting untuk hewan peliharaan kesayangan Anda. Suntikan melindungi kucing dari penyakit yang disebabkan oleh virus dan bakteri. Vaksin juga dapat memperkuat sistem kekebalan tubuh kucing. Lalu, apa saja jenis vaksin kucing yang diperlukan?\r\n<br>\r\nDilansir dari PetMD, baik untuk anak kucing atau kucing dewasa, dokter hewan dapat membantu anda mengetahui jenis vaksin kucing mana yang terbaik dan seberapa sering mereka harus disuntik. Biasanya tergantung pada usia, kesehatan secara keseluruhan, dan gaya hidup. Dokter hewan juga akan mempertimbangkan berapa lama vaksin harus bertahan dan seberapa besar kemungkinan kucing Anda terkena penyakit tertentu. \r\n<hr>\r\nKapan harus memberikan vaksin kucing? Anak kucing harus mulai mendapatkan vaksinasi ketika mereka berusia 6 sampai 8 minggu sampai berumur sekitar 16 minggu. Mereka kemudian harus dikuatkan setahun kemudian. Vaksinasi berurutan dilakukan setiap 3 hingga 4 minggu. Kucing dewasa membutuhkan suntikan lebih jarang, biasanya setiap tahun atau setiap 3 tahun sekali, tergantung pada berapa lama vaksin dirancang untuk bertahan. Jenis vaksin mana yang kucing butuhkan? Beberapa vaksin direkomendasikan untuk semua kucing. Vaksin melindungi dari sejumlah ancaman, yakni:\r\n<br>\r\n1. Rabies<br>\r\n2. Panleukopenia (juga dikenal sebagai distemper kucing)<br>\r\n3. Virus calici kucing<br>\r\n4. Rhinotracheitis virus kucing<br>\r\nVaksinasi rhinotracheitis, calicivirus, dan panleukopenia pada kucing sering kali diberikan dalam bentuk suntikan kombinasi (FVRCP) yang terkadang disebut suntikan distemper.<br>\r\n<hr>\r\n<center>-Vaksin Kucing Berdasarkan Penyakit-</center>\r\n<br>\r\nKucing Anda mungkin memerlukan suntikan ekstra, tergantung pada berapa banyak waktu yang mereka habiskan di luar, seberapa sering mereka berada di sekitar kucing lain, dan penyakit yang umum di daerah tempat tinggal Anda.\r\n<br><br>\r\n1. Leukemia kucing<br>\r\n\r\nInfeksi virus serius ini menyebar melalui banyak cairan tubuh seperti air liur, feses, urin, dan susu. Vaksin ini direkomendasikan pada anak kucing, lalu 12 bulan kemudian. Rekomendasi vaksin di masa depan akan didasarkan pada gaya hidup kucing. Leukemia kucing tidak dapat disembuhkan, jadi pencegahan adalah prioritas.\r\n<br><br>\r\n2. Bordetella<br>\r\n\r\n\r\nKucing yang pergi ke groomer atau tinggal di kandang dapat divaksinasi untuk mencegah infeksi yang menyebar dengan cepat di tempat yang banyak hewannya ini. Vaksin akan mencegah kucing Anda menjadi sangat sakit karena infeksi.\r\n<hr>\r\nJika kucing tetap berada di dalam rumah sepanjang waktu, Anda mungkin berpikir mereka otomatis terlindungi dari penyakit semacam ini. Padahal, mereka masih bisa menangkap kuman di udara yang mungkin masuk melalui jendela atau pintu.\r\n<br>\r\nJika kucing Anda keluar rumah, pastikan mereka terlindungi. Kucing dalam ruangan juga dapat tertular bakteri dan virus saat mereka tinggal di kandang dan jika Anda membawa kucing baru ke rumah. Ingatlah bahwa berbagai jenis vaksin kucing tidak menawarkan kekebalan total dari penyakit yang dialami kucing. Untuk membantu hewan peliharaan Anda tetap sehat, batasi kontaknya dengan hewan yang terinfeksi dan lingkungan rawan penyakit.\r\n<br><br>\r\nsumber : Rima Sekarani Imamun Nissa', 'Muhammad Rizaldi Luthfian', 1645784723, 'Artikel Kucing', 'Vaksin'),
(7, 'Daftar Harga Vaksin Kucing Terbaru 2022 Beserta Jenisnya, Wajib Tahu Agar Kucing Sehat!', 'Saat memelihara kucing di rumah, maka harga vaksin kucing wajib kamu ketahui. <br>\r\nDengan begitu, hewan peliharaanmu tersebut tak mudah terserang berbagai penyakit. <br>\r\n<br><br>\r\nVaksinasi sendiri memang menjadi bagian penting bagi kamu yang memelihara anak kucing maupun kucing dewasa. Dengan vaksinasi, kucing akan terlindungi dari penyakit yang disebabkan oleh virus dan bakteri. Tak hanya itu,sistem kekebalan mereka juga akan bertambah kuat. Vaksin biasanya diberikan melalui suntikan di bawah kulit, meskipun kadang-kadang dapat diberikan melalui tetes mata atau hidung. Berencana melakukan vaksinasi untuk hewan peliharaanmu di rumah? Yuk cari tahu harga vaksin kucing terbaru 2022, beserta beragam jenisnya:\r\n<br>\r\nKebutuhan dan harga vaksin kucing bisa berbeda-beda di setiap negara, karena beberapa penyakit tidak ditemukan.Namun, ada beberapa jenis vaksin yang wajib diberikan baik untuk kucing liar atau hewan peliharaan di rumah.<br>\r\nMelansir icatcare.org, vaksinasi akan bermanfaat guna memberikan perlindungan terhadap segala macam infeksi pada kucing, yakni:\r\n<br>\r\n1. Virus panleukopenia (FPV, feline infectious enteritis; feline parvovirus)<br>\r\n2. Feline herpesvirus  (FHV-1, flu kucing)<br>\r\n3. Feline calicivirus  (FCV, flu kucing)<br>\r\n4. Virus leukemia (FeLV)<br>\r\n5. Rabies<br>\r\n6. Chlamydophila felis<br>\r\n7. Bordetella bronchiseptica<br>\r\n<br><br>\r\nJenis Jenis Vaksin Kucing Sterilisasi dan Vaksin Gratis<br>\r\n1. Vaksin Tricat<br>\r\nVaksin tricat berfungsi sebagai antibodi agar kucing terhindar dari serangan penyakit atau virus Feline panleucopenia, Feline rhinotracheitis, dan Feline calicivirus. Jenis vaksin ini merupakan vaksin pertama kali yang akan diberikan untuk kucing pada usia 8 sampai 10 minggu. Untuk itu, tricat termasuk vaksin inti yang sangat diperlukan bagi kucing.\r\n<br><br>\r\n2. Vaksin Tetracat<br>\r\nVaksin tetracat diberikan untuk mencegah penyakit Feline panleucopenia, Feline rhinotracheitis, Felina calicivirus dan juga Clamydia. Kucing yang terkena penyakit-penyakit tersebut biasanya menunjukkan gejala bersin, ingus, konjungtivitis, kotoran mata, dan sariawan. Tanda klinis penyakit ini pun bervariasi, mulai dari ringan hingga sangat parah Terkadang, komplikasi lain dapat berkembang termasuk pneumonia. Maka dari itu, vaksin tetracat wajib diberikan pada saat kucing berusia 12-14 minggu.\r\n<br><br>\r\n3. Vaksin Rabies<br>\r\nTak hanya anjing, kucing juga dapat terinfeksi rabies dan dapat menjadi sumber infeksi bagi manusia. Untuk itu, disarankan agar kucing divaksinasi karena sangat efektif dalam mencegah penyakit rabies. Vaksin ini sangat penting karena virus rabies akan menyerang kekebalan tubuh kucing dan dapat menularkan pada siapa pun. Berikan vaksin rabies saat kucing berusia 20 minggu atau lebih dari tiga bulan.\r\n<br><br>\r\n4. Vaksin Non-Inti<br>\r\nSelain vaksin di atas, ada beberapa vaksin lain yang juga bisa diberikan untuk kucing. Vaksin tersebut digunakan guna memberikan perlindungan yang berharga bagi seekor kucing.<br>\r\n1. Chlamydophila felis: jenis bakteri yang membuat konjungtivitis pada kucing.<br>\r\n2. Bordetella bronchiseptica: Infeksi yang disebabkan bakteri yang berdampak pada saluran pernapasan atas.<br>\r\n3. Vaksinasi Feline immunodeficiency virus (FIV): vaksin ini diberikan pada kucing yang terlibat perkelahian, infeksi umumnya menyebar melalui gigitan kucing.<br>\r\n4. Leukemia kucing (FeLV): vaksin FeLV penting untuk mencegah penyakit yang disebarkan melalui perkelahian kucing.<br>\r\n<br><br>\r\nDaftar Harga Vaksin Kucing Terbaru 2022<br>\r\nMelansir berbagai sumber, berikut harga vaksin kucing terbaru 2022 yang perlu kamu ketahui:<br>\r\n1. Kucing 8-10 Minggu<br>\r\n   a. Tricat (Feline panleukopenia, Feline rhinotracheitis, Feline calicivirus) - Rp80.000-250.000.<br>\r\n   b. Tetracat (Feline panleukopenia, Feline rhinotracheitis, Feline calicivirus, Chlamydia)  - Rp180.000-210.000.<br>\r\n   c. Kucing 12—14 Minggu<br>\r\n   d. Tricat (Feline panleukopenia, Feline rhinotracheitis, Feline calicivirus) - Rp170.000-250.000.<br>\r\n   e. Tetracat (Feline panleukopenia, Feline rhinotracheitis, Feline calicivirus, Chlamydia) - Rp180.000-210.000.<br>\r\n<br><br>\r\n3. 6 Bulan (Belum Pernah Vaksin)<br>\r\n   a. Tricat (Feline panleukopenia, Feline rhinotracheitis, Feline calicivirus) - Rp100.000 - 250.000.<br>\r\n   b.Tetracat (Feline panleukopenia, Feline rhinotracheitis, Feline calicivirus, Chlamydia) - Rp180.000 - 210.000.\r\n<br><br>\r\nSemua anak kucing harus menerima vaksinasi inti yang disepakati dengan dokter hewan. Umumnya, jadwal vaksin awal dilakukan pada usia 8-10 minggu, kemudian dilanjutkan pada 3-4 minggu kemudian. Untuk vaksinasi ketiga, terutama untuk FPV, dilakukan pada usia 16-20 minggu untuk memastikan anak kucing terlindungi dengan baik. Vaksinasi penguat pertama harus diberikan 12 bulan kemudian untuk memastikan tingkat perlindungan berkelanjutan.\r\n<br>\r\nNah, setelahnya, frekuensi vaksinasi mungkin dilakukan hanya setiap 1-3 tahun tergantung pada vaksin, penyakit, dan risiko masing-masing kucing.\r\n<br><br>\r\nsumber : Siti Nurhikmah', 'MesyaFaizah', 1645775794, 'Artikel Kucing', 'Vaksin'),
(8, 'Kenali 3 Jenis Vaksin Kucing dan Manfaatnya', 'Bagi anda yang hobi memelihara kucing, jangan lupa untuk memberikan vaksin lengkap untuk hewan. Pasalnya, vaksin bisa meningkatkan daya tahan tubuh si \"Meong\" dari serangan virus berbahaya. Seperti virus rabies yang juga bisa menjangkiti kucing.  <br><br>\r\n\r\nVaksinasi yang mujarab sangat dibutuhkan guna menangkis virus yang menyerang hewan peliharaan, sekaligus dapat memberikan rasa aman, untuk majikan yang memelihara hewan kesayangannya. \r\n<br><br>\r\nAdapun pun jenis vaksin lengkap untuk kucing adalah Vaksin Tricat, Vaksin Tetracat, Vaksin Rabies. Dimana masing-masing jenis Vaksin tersebut di berikan secara bertahap sesuai usia kucing.\r\n<br><br>\r\nKepala Pusat Kesehatan Hewan (Puskeswan) Pekanbaru, drh Kurniawan, mengungkapkan, jika untuk mendapatkan vaksin tersebut, saat ini pemerintah juga sudah menyediakan vaksin lengkap untuk kucing serta hewan peliharaan masyarakat lainya.\r\n<br><br>\r\n\"Memang untuk vaksinasi ini belum banyak juga diketahui masyarakat, tapi ini juga penting dan perlu juga diketahui oleh masyarakat yang hobi memelihara hewan. Seperti kucing yang sudah tidak asing lagi bagi masyarakat,\" katanya, Senin (22/2/2021) kepada mediacenter.riau.go.id di Pekanbaru. \r\n<br><br>\r\nIa menjelaskan, adapun fungsi dari beberapa jenis vaksin tersebut adalah, Vaksin Tricat yang fungsinya untuk meningkatkan kekebalan terhadap tubuh kucing dari serangan virus berbahaya. Seperti, Feline calicivirus, Feline panleucopenia dan Feline rhinotracheitis. Vaksin ini merupakan vaksin pertama yang diberikan pada kucing saat berusia 6-8 minggu.\r\n<br><br>\r\nSelanjutnya, Vaksin Tetracat, vaksin ini tujuannya untuk mencegah atau mengobati penyebaran penyakit felina calicivirus, feline panleucopenia, feline rhinotracheitis. Dimana kucing yang terkena penyakit ini bisa dilihat dari gejala ingusan, bersin, mata berair atau banyak kotoran di mata dan tidak selera makan. Vaksin ini diberikan saat kucing berusia pada 10 hingga 12 minggu.\r\n<br><br>\r\n\"Terakhir Vaksin Rabies, dimana vaksin ini selain menjaga penularan terhadap manusia juga mencegah penyakit rabies pada hewan peliharaan.\r\n<br><br>\r\nVaksin ini sangat penting karena virus rabies termasuk berbahaya baik bagi hewan lain maupun pada manusia,\" katanya.\r\n<br><br>\r\nLebih jauh kata Kurniawan, untuk penyakit pada hewan ini sekecil apapun jangan sampai disepelekan, karena hewan sangat jauh berbeda dengan manusia. Khusunya terkait daya tahan tubuh.\r\n<br><br>\r\n\"Jika hewan peliharaan anda, seperti kucing ini mengalami sakit jangan kasih obat tanpa anjuran dokter hewan, jangan sembarang beli dan kasih obat tanpa dikonsultasikan,\" ujar Kurniawan, dokter hewan yang membuka praktik di Puskeswan, Jalan Pesantren, Kecamatan Kulim, Kota Pekanbaru. \r\n<br><br>\r\nIa juga menjelaskan, selain vaksin lengkap hewan peliharaan juga sangat baik dikasih obat cacing secara rutin. Karena ini juga perlindungan untuk  perkembangan pertumbuhan hewan peliharaan.\r\n<br><br>\r\n\"Obat cacing ini diberikan 3 bulan sekali dan disesuaikan khusus usia sebelum beranjak remaja,\" tuturnya.(MC Riau/AZ)\r\n<br><br>\r\n Penulis : \r\nMC PROV RIAU', 'MesyaFaizah', 1645775892, 'Artikel Kucing', 'Vaksin'),
(9, '5 Nutrisi Ini Sangat Penting Untuk Kesehatan Kucing', 'Dua faktor penting yang harus terpenuhi supaya kucing peliharaan selalu sehat adalah kasih sayang dari sang pemilik, dan juga makanan yang kaya nutrisi sesuai kebutuhan si kucing. Untuk faktor yang pertama, tak diragukan lagi para pemilik kucing pasti melimpahkan kasih sayang pada kucing peliharaannya. Bentuk kasih sayang ini biasanya dilakukan pemilik dengan cara sering mengajak kucing peliharaannya bermain, mengelus-elus si kucing, maupun memberikannya makan secara rutin. Bagaimana dengan faktor yang kedua, yakni kebutuhan nutrisinya? Berbeda dengan manusia yang bisa memakan segala jenis makanan, kucing merupakan karnivora. Oleh karena itu, makanan yang baik untuk kita belum tentu baik untuk si meong.\r\n<br><br>\r\nSeringkali, dalam hal ini para pemilik kucing masih bingung dengan jenis makanan yang baik untuk kucing mereka. Terutama bagi mereka yang baru memelihara kucing untuk pertama kalinya. Apakah kamu juga mengalami hal serupa? Nah, untuk itu berikut terangkum informasi mengenai 5 jenis nutrisi yang sebaiknya terpenuhi untuk si meong.\r\n<br><br>\r\n1. Protein<br> \r\nKucing merupakan salah satu jenis hewan peliharaan yang membutuhkan protein dalam jumlah yang besar. Bahkan dibandingkan manusia dan hewan peliharaan lain seperti anjing, kebutuhan protein pada kucing lebih besar. Jenis makanan mengandung protein yang dapat diberikan pemilik untuk kucing peliharaannya, antara lain ikan, daging, dan telur.\r\n<br><br>\r\n2. Mineral<br> \r\nDalam tubuh kucing, mineral berperan dalam pembentukan enzim, sirkulasi oksigen, dan keseimbangan pH-nya. Beberapa mineral penting yang sebaiknya terkandung pada makanan si kucing, antara lain kalsium, kalium, zat besi, fosfor, magnesium, dan mangan.\r\n<br> <br>\r\n3. Lemak<br>\r\nSelain berfungsi sebagai sumber energi, lemak juga berfungsi untuk menjaga kulit dan bulu kucing supaya tetap sehat, mengilap, dan tidak rontok. Meski demikian, memberikan kucing dengan makanan yang mengandung lemak yang terlalu banyak juga tidak baik, karena dapat menyebabkannya mengalami kegemukan atau obesitas.\r\n<br><br>\r\n4. Vitamin<br>\r\nAda dua jenis vitamin yang dibutuhkan kucing, yakni vitamin yang larut dalam air (vitamin C dan vitamin B kompleks) dan vitamin yang larut dalam lemak (Vitamin A, D, E, K). Vitamin-vitamin tersebut berperan dalam pertumbuhan dan metabolisme kucing.\r\n<br><br>\r\n5. Air<br>\r\nKucing pada umumnya memang tidak terlalu banyak minum, tetapi kekurangan air dalam tubuhnya dapat menyebabkan kucing dehidrasi. Bagaimana cara mengetahui bahwa kebutuhan cairan yang satu ini terpenuhi? Salah satu caranya adalah dengan melihat bulunya. Jika terlihat rontok dan tak mengkilap, itu menandakan kucing peliharaanmu kekurangan air. Sediakanlah selalu air yang bersih dan terjangkau untuk diminum kucing. Selain itu, memberikan makanan kucing basah juga bisa memenuhi kebutuhan air untuk si kucing.\r\n<br><br>\r\nPada dasarnya jumlah atau banyaknya asupan makanan yang mengandung protein, mineral, lemak, vitamin, dan air yang dibutuhkan kucing dipengaruhi oleh faktor usia, bobot, dan juga kondisi kucing. Jika kamu kesulitan dalam menentukan asupan yang pas untuk kucing peliharaan kesayanganmu, kamu dapat memenuhi kebutuhan nutrisinya dengan memberikan produk makanan khusus kucing. \r\n<br><br>\r\nSumbe : WHISKAS', 'MesyaFaizah', 1645776606, 'Artikel Kucing', 'Nutrisi'),
(10, '6 Resep Makanan Kucing Kaya Nutrisi, Bikin Gemuk dan Mudah Dibuat Sendiri', 'Berbagai resep makanan kucing kaya nutrisi bisa menjadi salah satu alternatif bagi hewan kesayangan kalian. Memutuskan memiliki kucing peliharaan secara otomatis mau berkomitmen memenuhi segala asupan gizi serta kesehatannya. Salah satu hal yang paling penting yakni asupan makanan. Tak bisa dipungkiri, saat ini makanan siap saji untuk kucing banyak dijual di toko hewan.<br><br>\r\n\r\nMulai dari makanan kering, makanan basah, camilan kucing hingga susu khusus untuk mereka. Kucing kalian bosan dengan makanan siap saji itu? Ingin mencoba membuat resep makanan kucing sendiri di rumah? Tentu dengan nutrisi dan asupan gizi yang tak kalah tingginya.\r\n<br><br>\r\nJika kesulitan membuat makanan kucing sendiri, sediakan selalu Muezza yang memiliki kandungan protein, asam lemak omega 3, vitamin, dan mineral. Muezza sangat membantu menjaga kesehatan gigi, tulang, sistem pencernaan hingga bikin bulu kucing lembut bebas rontok. Tersedia dalam 4 varian rasa yaitu Mackerel Flavor, Ocean Fish Flavor, Tuna Flavor dan Salmon Flavor. Muezza bisa didapatkan di toko-toko di bawah ini.\r\n<br><br>\r\n\r\nResep Makanan Kucing Ikan Tuna<br>\r\nBahan:<br>\r\n  - 1 cangkir Ikan tuna segar rebus<br>\r\n  - 1 sendok makan beras merah matang<br>\r\n  - 1 sendok makan sunflower oil<br>\r\n  - 1-2 sendok makan air rebusan ikan atau air biasa<br>\r\nCara Membuat:<br><br>\r\n  - Pastikan tidak memasak ikan atau daging terlalu lama agar kandungan tak berkurang<br>\r\n  - Masukkan semua bahan ke dalam mesin giling seperti blender<br>\r\n  - Giling hingga kelembutan yang diinginkan<br>\r\n  - Makanan kucing ikan tuna telah siap disajikan<br>\r\n  - Sisa makanan bisa disimpan dalam lemari es selama 3 hari<br>\r\n<br>\r\nResep Makanan Kucingb Daging Sapi<br>\r\nBahan:<br>\r\n  - 1 cangkir daging sapi rebus<br>\r\n  - 1/2 cangkir beras merah matang<br>\r\n  - 1/4 cangkir kentang kukus atau rebus<br>\r\n  - Air rebusan daging sapi<br>\r\n<br>\r\nCara Membuat:<br>\r\n  - Pastikan semua bahan makanan sudah matang sempurna<br>\r\n  - Masukkan semua bahan ke dalam blender atau alat penggiling<br>\r\n  - Giling atau haluskan hingga kelembutan yang diinginkan<br>\r\n  - Tambahkan keju secukupnya jika menginginkan<br>\r\n  - Makanan kucing daging sapi telah siap disajikan<br>\r\n  - Sisa makanan bisa disimpan dalam lemari es selama 3 hari<br>\r\n\r\n<br><br>\r\nResep Makanan Kucing Daging Ayam<br>\r\nBahan:<br>\r\n  - 1 cangkir daging ayam rebus<br>\r\n  - 1/4 cangkir brokoli dan wortel kukus atau rebus<br>\r\n  - Air rebusan daging ayam<br>\r\n<br>\r\nCara Membuat:<br>\r\n  - Pastikan semua bahan makanan sudah matang sempurna<br>\r\n  - Masukkan semua bahan ke dalam blender atau alat penggiling<br>\r\n  - Giling atau haluskan hingga kelembutan yang diinginkan<br>\r\n  - Dinginkan terlebih dahulu dalam suhu ruang<br>\r\n  - Makanan kucing daging ayam telah siap disajikan<br>\r\n  - Sisa makanan bisa disimpan dalam lemari es selama 3 hari<br>\r\n<br><br>\r\nResep Makanan Kucing Hati Ayam<br>\r\nBahan:<br>\r\n  - 2 batang parsley<br>\r\n  - 1 kaleng tuna tanpa garam<br>\r\n  - Hati ayam rebus<br>\r\n  - Nasi secukupnya<br>\r\n\r\nCara Membuat:<br>\r\n  - Masukkan semua bahan ke dalam mangkuk<br>\r\n  - Tambahkan sedikit air pada campuran makanan kucing tersebut<br>\r\n  - Bentuk bulatan sebesar kelereng hingga campuran habis<br>\r\n  - Makanan kucing hati ayam telah siap disajikan<br>\r\n  - Simpan dan diamkan di dalam freezer agar tahan lama jika masih sisa<br>\r\n<br><br>\r\nResep Makanan Kucing Ikan Pindang<br>\r\n  - Bahan:<br>\r\n  - Ikan pindang<br>\r\n  - Tempe yang telah dikukus<br>\r\n  - Olive oil (jika ada)<br>\r\n\r\nCara Membuat:<br>\r\n  - Goreng ikan pindang hingga matang namun jangan terlalu kering<br>\r\n  - Masukkan ikan pindang dan tempe kukus ke dalam mangkuk<br>\r\n  - Berikan olive oil bila ada<br>\r\n  - Aduk semua bahan makanan tersebut<br>\r\n  - Makanan kucing ikan pindang telah siap disajikan<br>\r\n  - Sisa makanan bisa disimpan dalam lemari es selama 3 hari<br>\r\n\r\nResep Makanan Kucing Tahu<br>\r\nBahan:<br>\r\n  - Tahu yang telah dikukus atau rebus<br>\r\n  - Ikan tuna yang telah dikukus atau rebus<br>\r\n  - Olive oil (jika ada)<br>\r\n<br>\r\nCara Membuat:<br>\r\n  - Pisahkan daging ikan tuna kukus atau rebus dari durinya<br>\r\n  - Masukkan daging ikan tuna ke dalam mangkuk<br>\r\n  - Tambahkan tahu kukus ke dalamnya<br>\r\n  - Berikan olive oil bila ada<br>\r\n  - Aduk hingga halus menggunakan garpu<br>\r\n  - Makanan kucing tahu telah siap disajikan<br>\r\n  - Sisa makanan bisa disimpan dalam lemari es selama 3 hari<br>\r\n<br><br>\r\nResep Makanan Kucing Tempe<br>\r\nBahan:<br>\r\n  - Ikan tuna yang telah direbus<br>\r\n  - Tempe yang telah direbus atau kukus<br>\r\n  - Nasi matang sedikit lembek<br>\r\n  - Olive oil (jika ada)<br>\r\n\r\nCara Membuat:<br>\r\n  - Pisahkan daging ikan tuna rebus dari durinya<br>\r\n  - Masukkan daging ikan tuna ke dalam mangkuk<br>\r\n  - Tambahkan tempe kukus dan nasi matang ke dalamnya<br>\r\n  - Berikan olive oil bila ada<br>\r\n  - Aduk hingga halus menggunakan garpu<br>\r\n  - Makanan kucing tempe telah siap disajikan<br>\r\n  - Sisa makanan bisa disimpan dalam lemari es selama 3 hari<br>\r\n<br><br>\r\nSumber : Tantiya Nimas Nuraini', 'MesyaFaizah', 1645776658, 'Artikel Kucing', 'Nutrisi'),
(11, ' Nutrisi Penting untuk Makanan Kucing Anggora', 'Apakah kamu memiliki ras kucing berbulu panjang di rumah? Jika iya, kamu tidak bisa memberikannya sembarang makanan, karena dapat berujung pada kerontokan dan bulu yang terlihat kusam. Kucing anggora menjadi salah satu kucing ras berbulu panjang. Sebagai pemelihara, apakah kamu sudah mengetahui nutrisi penting yang wajib dikonsumsi untuk kucing anggora?\r\n<br><br>\r\nNutrisi penting untuk kucing anggora adalah yang dapat memelihara bulu agar tetap halus dan tidak rontok. Selain itu, asupan nutrisi yang cukup akan membuat bulu kucing terlihat lebih sehat dan berkilau. Lantas, apa saja nutrisi penting yang harus dikonsumsi untuk ras kucing berbulu panjang? Berikut ini sejumlah nutrisi penting yang wajib dipenuhi:\r\n<br><br>\r\n1.Makanan Mengandung Lemak Sehat<br>\r\n\r\nAsam lemak omega-3 dan 6 merupakan lemak sehat yang diperlukan oleh kucing. Keduanya mampu merawat dan menjaga bulu kucing agar tetap sehat. Untuk makanannya sendiri, kamu bisa membaca pada label kemasan, ya. Pilih makanan kucing dengan kandungan omega-3 dan 6. Jumlah yang direkomendasikan adalah 0.6 persen untuk omega-3, dan 0.7 persen untuk omega-6.\r\n<br><br>\r\n2.Makanan Mengandung Serat<br>\r\n\r\nSerat bukan hanya baik dikonsumsi bagi manusia saja. Kucing pun memerlukannya. Serat berguna dalam menjaga kesehatan saluran pencernaan serta meningkatkan populasi bakteri baik dalam usus. Sumber serat terbaik yang dikonsumsi adalah serat inulin. Serat inulin dipercaya mampu meningkatkan populasi Bifidobacterium sp. Bakteri tersebut bertugas untuk menjaga kepadatan feses. \r\n<br>\r\nBukan itu saja, serat inulin juga mampu mengontrol pembentukan hairball dalam saluran pencernaan. Jadi, pastikan kamu memberikan serat yang cukup untuk kucing anggora di rumah, ya. Jumlahnya adalah sebanyak 6 persen dari total makanan harian.\r\n<br><br>\r\n3.Makanan Mengandung Zinc\r\n<br>\r\nZinc menjadi nutrisi penting untuk kucing selanjutnya. Asupan hariannya perlu dipenuhi guna menjaga daya tahan tubuh agar tetap sehat. Selain itu, Zink juga berperan sebagai antioksidan guna menangkal radikal bebas yang mengancam kesehatan kulit. Zink berperan penting dalam sintesis keratin sebagai protein penyusun bulu, sehingga kerontokan bulu dapat diminimalisir.\r\n<br><br>\r\n4.Makanan Mengandung Vitamin E\r\n<br>\r\nVitamin E menjadi salah satu nutrisi penting untuk kucing yang perlu dipenuhi. Vitamin ini bukan hanya dapat menjaga kesehatan tubuh, tetapi juga diperlukan guna menjaga kesehatan bulu dan rambut. Jika tidak terpenuhi asupan vitamin E yang dibutuhkan, kulit dan bulu akan terlihat kusam. \r\n<br>\r\nBukan hanya manusia saja, kucing pun memerlukan nutrisi yang sehat dan seimbang pada makanannya guna menunjang kesehatan tubuh. Makanan terbaik untuk kucing adalah makanan yang sesuai dengan kebutuhan nutrisi harian mereka. Bukan hanya tumbuh dengan fisik sehat saja, makanan dengan nutrisi yang seimbang juga akan mempercepat pertumbuhan kucing.\r\n<br><br>\r\nSumber :  dr. Rizal Fadli', 'MesyaFaizah', 1645776767, 'Artikel Kucing', 'Nutrisi'),
(12, 'Sistem Reproduksi Kucing', 'Sebelum membiakkan kucing, perlu juga memahami tanda-tanda kelamin kucing tersebut. Pemahaman ini cukup penting, selain organ reproduksi termasuk alat vital. Informasi organ reproduksi juga akan memudahkan dalam memahami perilaku kucing ke depannya. Organ reproduksi kucing jantan terdiri dari testis (penghasil sperma) dan penis. Sementara itu, organ reproduksi kucing betina terdiri dari ovarium (penghasil sel telur), tuba falopi, uterus, serviks, vagina, klitoris, vulva, serta putting susu. Jenis kelamin kucing dewasa biasanya lebih mudah diketahui daripada anak kucing (kitten). Jenis kelamin dapat diketahui dengan cara memeriksa bagian sekitar anus (di bawah pangkal ekor).\r\n<br><br>\r\nKucing jantan dewasa biasanya mempunyai badan lebih besar dan kekar serta mempunyai penis dan testis. Testis kucing jantan dewasa berbentuk seperti dua buah bola kecil sebesar kelereng yang terletak di antara anus dan penis. Di bawah testis terdapat lingkaran kecil yang merupakan lubang tempat keluarnya penis. Sementara itu, kucing betina dewasa memiliki vulva di bawah lubang anus yang berbentuk seperti garis. Menentukan jenis kelamin anak kucing yang berumur kurang dari dua bulan sedikit agak sulit. Anak kucing jantan mempunyai lubang berbentuk lingkaran kecil di bawah anus. Selain itu, jarak antara anus dengan lubang penis lebih lebar karena pada tempat ini akan tumbuh testis.\r\n<br><br>\r\nInterval siklus reproduksi pada kucing betina dikenal dengan Sebutan oestrouscycle yang menyebabkan terjadinya kehamilan pada kucing betina. Kucing betina memerlukan pancingan saat akan berovulasi. Hal ini berarti kesiapan sel telur pada kucing betina tergantung kucing jantannya. Telur yang dihasilkan ovarium mengalir ke tuba falopi, lalu turun ke uterus. Saat itulah telur siap dibuahi oleh sperma. Telur yang sudahdibuahi kemudian akan melekat pada dinding uterus dan berkembang. Tidak seperti hewan mamalia lainnya, kucing betina dapat melahirkan anak kucing berulang-ulang dalam jumlah yang banyak. Kejadian ini secara ilmiah sulit untuk diketahui alasannya. Proses melahirkan anak kucing masih dapat terjadi sepanjang hidup kucing betina.\r\n<br><br>\r\nTahapan oestrous cycle meliputi empat fase, yaitu sebagai berikut. Pertama, Proestrus. Proses pemanasan awal terjadi. Tahap ini perilaku kucing betina mulai berharap untuk di kencani kucing jantan. Kedua Oestrus. Panas yang sebenarnya terjadi. Proses ini disebut ovulasi. Ketiga, Metoestrus. Periode dengan perilaku kembali normal jika oestrus tidak mengalami perkawinan. Lamanya waktu yang dibutuhkan kembali kefase satu (proestrus) sekitar 2—3 minggu. Dan Keempat, Anoestrus. Periode perilaku kucing betina malas/tidak banyak bergerak yang diikuti dengan fase metoestrus setelahbeberapa siklus. Masa ini kucing betina sudah tidak panas lagi.\r\n<br><br>\r\nsumber : Catlovers.id', 'MesyaFaizah', 1645776800, 'Artikel Kucing', 'Reproduksi'),
(13, 'Cara Kucing Berkembang Biak atau Reproduksi', 'Kucing adalah hewan yang sangat dekat dengan manusia. Diperkirakan bahwa kucing telah berbaur dengan manusia sejak 6000 tahun SM (Sebelum Masehi). Menurut catatan, masyarakat Mesir kuno telah menggunakan kucing untuk menjauhkan tikus atau hewan pengerat lain dari lumbung yang menyimpan hasil panen mereka.\r\n<br><br>\r\nKucing merupakan hewan pemakan daging (Karnivora), namun kadang-kadang karena lapar, kucing juga bisa memakan nasi atau roti. Kucing banyak dijadikan sebagai hewan peliharaan dan banyak juga yang hidup bebas berkeliaran di pemukiman penduduk.\r\n<br><br>\r\nBentuk tubuh kucing hampir mirip dengan harimau, hanya lebih kecil. Untuk berburu, kucing memiliki cakar dan taring yang tajam. Umumnya, kucing memiliki daun telinga yang tegak berdiri. Kumis kucing (Misai) dapat membantu kucing untuk menentukan arah dan menjadi indera tambahan. Misai juga dapat mendeteksi perubahan angin yang sangat kecil, membuat kucing dapat mengetahui adanya benda-benda di sekitarnya tanpa melihat. \r\n<br><br>\r\n-Cara Kucing berkembang biak atau reproduksi-<br>\r\n\r\nKucing merupakan hewan mamalia, yaitu hewan yang berkembang biak dengan cara melahirkan dan menyusui anaknya. Masa kehamilan (Gestasi) pada kucing berlangsung selama 63 hari. Kucing dapat melahirkan 4 ekor anak atau lebih sekali melahirkan.\r\n<br>\r\nSaat lahir, anak kucing dalam keadaan buta dan tuli. Mata mereka baru terbuka pada usia 8 hingga 10 hari. Anak kucing akan mendapat susu dari induknya hingga usia 6 atau 7 minggu. Setelah itu anak kucing sudah harus belajar hidup dan mencari makan sendiri. \r\n<br>\r\nPada usia 10 hingga 15 bulan, kucing muda telah mencapai kematangan seksual dan siap berkembang biak. Seekor kucing diperkirakan dapat hidup selama 15 tahun.\r\n<br>\r\nDemikian artikel tentang cara kucing berkembang biak atau reproduksi. Semoga bermanfaat.\r\n\r\nSumber : ', 'MesyaFaizah', 1645776841, 'Artikel Kucing', 'Reproduksi'),
(14, 'Berapa Kali Kucing Betina Dapat Hamil Selama Hidupnya?  Artikel ini telah tayang di Kompas.com dengan judul ', 'Daftar biaya sterilisasi kucing terbaru, yuk jaga kesehatan hewan kesayangan! \r\n<br><br>\r\nBiaya sterilisasi kucing memang cenderung mahal, karena itu banyak yang enggan melakukannya. Padahal, prosedur sterilisasi kucing memberikan banyak manfaat. Diantaranya membuat kucing lebih sehat, penurut dan betah tinggal di rumah.\r\n<br><br>\r\nSterilisasi kucing juga bisa menjadi solusi bagi Anda yang ingin meminimalisir jumlah kucing di rumah. Terlebih jika Anda memiliki kucing betina, tanpa adanya sterilisasi, sangat memungkinkan kucing tersebut terus beranak. Oleh sebab itu, simak berbagai manfaat sekaligus biaya sterilisasi kucing berikut ini, yuk!\r\n\r\n<br><br>\r\n-Pengertian Sterilisasi Kucing-<br>\r\nProsedur steril kucing adalah pengangkatan organ reproduksi agar kucing tidak bisa menghasilkan keturunan. Pengangkatan testis akan dilakukan terhadap kucing jantan, sedangkan pada kucing betina akan dilakukan pengangkatan ovarium. Biasanya tindakan ini dilakukan ketika kucing mencapai usia minimal 6 bulan.\r\n<br><br>\r\n-Manfaat Sterilisasi Kucing-<br>\r\nMeskipun terdengar kejam karena menghilangkan kemampuan kucing untuk berkembang biak, proses steril memberikan banyak manfaat sehingga Anda tidak akan menyesal mengeluarkan uang untuk biaya steril kucing. Berikut beberapa manfaatnya.\r\n<br><br>\r\n-Menjadikan Kucing Lebih Sehat-<br>\r\nKucing betina yang telah disterilisasi akan terhindar dari tumor ganas pada ovarium, rahim, dan kelenjar susu. Sterilisasi pada kucing jantan juga mencegah timbulnya kanker testis dan penyakit prostat. Selain itu, hormon reproduksi akan berubah menjadi hormon tumbuh kembang sehingga kucing menjadi lebih lincah dan berat badannya bertambah.\r\n<br><br>\r\n-Menghindari Perkelahian-<br>\r\nKucing jantan biasanya akan berkelahi dengan pejantan lain karena berebut pasangan. Sterilisasi membuat kucing jantan lebih tenang dan birahinya stabil. Selain itu, kebiasaan mereka menandai wilayah dengan air kencing akan berkurang sehingga tak ada lagi perebutan daerah kekuasaan.\r\n<br><br>\r\n-Kucing Lebih Betah Di Rumah-<br>\r\nSterilisasi terbukti dapat mengurangi tingkat agresivitas kucing serta menjadikan mereka lebih jinak dan tenang. Mereka juga tidak lagi terdorong oleh hormon reproduksi untuk keluar mencari pasangan sehingga tetap betah berada di dalam rumah.\r\n<br><br>\r\n-Meminimalisir Populasi Kucing-<br>\r\nSekali melahirkan, kucing dapat menghasilkan 2 sampai 7 keturunan. Hal ini memicu over population yang menyebabkan tingginya kasus penelantaran kucing. Sterilisasi dapat membantu menjaga populasi mereka sehingga mengurangi jumlah kucing terlantar.\r\n<br><br>\r\n-Perilaku Kucing Menjadi Lebih Baik-<br>\r\nSelain menjadi lebih jinak dan penurut, sterilisasi membantu mengurangi beberapa kebiasaan kucing yang cukup mengganggu kita. Misalnya saja kebiasaan menandai wilayah dengan air kencing dan berkelahi di malam hari.\r\n<br><br>\r\n-Menghindarkan Stres pada Kucing-<br>\r\nSaat birahi, kucing akan mengeong terus menerus dan keluar rumah hingga berhari-hari untuk mencari pasangan. Apabila tidak mendapatkannya, mereka akan stres bahkan sakit. Dengan demikian, sterilisasi dapat mengurangi stres pada kucing.\r\n\r\n<br><br>\r\nSyarat Steril Kucing<br>\r\nSelain biaya steril kucing, ada syarat-syarat yang harus Anda penuhi sebelum mengambil tindakan medis satu ini. Berikut syarat steril kucing yang wajib Anda tahu.<br>\r\n ~ Mampu dan bersedia membayar biaya steril kucing.<br>\r\n ~ Kucing telah berusia sekurang-kurangnya 6 bulan.<br>\r\n ~ Kucing berada dalam kondisi sehat, bugar, dan tidak memiliki penyakit bawaan.<br>\r\n ~ Pemilik kucing bersedia menandatangani surat persetujuan operasi.<br>\r\n ~ Lebih baik kucing tidak sedang hamil atau menyusui.<br>\r\n ~ Kucing betina telah berpuasa selama 9 jam sebelum operasi, sedangkan kucing jantan berpuasa selama 1 jam sebelum operasi.<br>\r\n ~ Menyediakan kandang dan memantau kondisi kucing selama 14 hari pasca operasi.<br>\r\n\r\n<br><br>\r\nDaftar Biaya Steril Kucing<br>\r\nBiaya steril kucing betina biasanya lebih mahal dibanding biaya steril kucing jantan. Selain itu, besarnya tarif juga dipengaruhi oleh ras dan lokasi operasi. Berikut ini biaya yang telah kami rangkum.\r\n<br><br>\r\nKucing Jantan<br>\r\nProses sterilisasi kucing jantan lebih mudah dan singkat, oleh karena itu biayanya lebih terjangkau. Untuk kucing jantan domestik, biaya sterilnya berkisar antara Rp215 ribu - Rp300 ribu. Sedangkan biaya steril kucing jantan ras adalah Rp300 ribu - Rp350 ribu.<br><br>\r\n\r\n\r\nKucing Betina<br>\r\nBiaya steril kucing betina lebih mahal bahkan hingga 2 kali lipat biaya kucing jantan. Biasanya, biaya steril kucing betina domestik berkisar Rp300 ribu - Rp350 ribu. Sedangkan untuk betina ras, biayanya antara Rp400 ribu hingga Rp1 juta.\r\n<br><br>\r\nBiaya Steril Kucing dengan Subsidi<br>\r\nAnda dapat menghemat pengeluaran dengan mencari informasi mengenai sterilisasi kucing bersubsidi atau bahkan sterilisasi gratis dengan bergabung bersama komunitas pecinta kucing. Program steril gratis sering diadakan oleh pusat kesehatan hewan (puskeswan) dan dinas peternakan. Beberapa klinik hewan juga memberikan subsidi biaya steril kucing hingga Rp200 ribu pada saat perayaan tertentu.\r\n<br><br>\r\nPersyaratan sterilisasi subsidi dan gratis biasanya lebih ketat dibanding sterilisasi pada umumnya. Beberapa persyaratan tersebut diantaranya.<br>\r\n ~ Ada surat pernyataan sehat dari puskeswan<br>\r\n ~ Tidak sedang hamil atau menyusui<br>\r\n ~ Berat badan lebih dari 2 kg<br>\r\n ~ Wajib tes darah dan memiliki surat layak operasi<br>\r\n ~ Kucing telah mendapatkan vore vaccine dan obat cacing lengkap.\r\n<br><br>\r\nNah, itu dia ulasan mengenai pengertian, manfaat dan biaya steril kucing betina maupun jantan. Memelihara hewan memang menyenangkan, tetapi ada kalanya Anda membutuhkan biaya lebih dalam perawatannya. Karena itu, tidak ada salahnya bagi Anda untuk menyisihkan uang khusus perawatan hewan peliharaan.\r\n<br><br>\r\nSumber : Redaksi OCBC NISP', 'MesyaFaizah', 1645776939, 'Artikel Kucing', 'Reproduksi'),
(15, 'Waspada Kesehatan Kucing Kesayangan, Ini 7 Penyakit Berbahaya yang Bisa Menyerang Kucing', ' Kucing peliharaan bisa jadi sangat rentan dengan berbagai macam penyakit.\r\n<br><br>\r\nMeski dipelihara di dalam rumah, tidak bisa dihindari jika kucing tetap akan terkena penyakit. Kesehatan kucing sangat dipengeruhi oleh usia, kondisi tubuh, makanan, dan mental kucing. Sebagai pemilik kucing, sebaiknya kita harus cukup waspada jika kucing sakit, karena bisa saja menulari atau menyebabkan kematian pada kucing.\r\n<br>\r\nLalu, apa saja penyakit yang bisa menyerang kesehatan kucing peliharaan?\r\n<br><br>\r\n1. Kanker<br>\r\nKucing juga memiliki resiko mengidap kanker, lo. Penyakit kanker disebabkan pertumbuhan sel yang tidak terkendali dan menyerang jaringan.Kanker pada kucing sama seperti yang ada di manusia dan bisa menyebabkan kematian.\r\n<br><br>\r\n2. Diabetes\r\nKucing juga bisa mengidap penyakit diabetes. Penyakit diabetes disebabkan karena kurangnya hormon insulin.\r\n<br><br>\r\n3. Feline Immunodeficiency Virus (FIV)<br>\r\nKucing bisa juga terinfeksi virus. Salah satunya, feline immunodeficiency virus (fiv). Virus ini menyebabkan sistem kekebalan tubuh kucing menurun. Sehingga, kucing mudah terserang berbagai penyakit. Virus ini juga menyebabkan kematian pada kucing. Virus ini juga tidak mudah dideteksi.\r\n<br><br>\r\n4. Cacing Hati<br>\r\nPenyakit cacing hati pada kucing disebabkan oleh nyamuk yang sudah terinfeksi. Cacing hati dapat menyebabkan masalah kesehatan pada kucing dan juga menyerang paru-paru.\r\n<br><br>\r\n5. Rabies<br>\r\n\r\nPenyakit rabies disebabkan oleh virus yang menyerang otak dan sumsum tulang belakang. Rabies juga salah satu penyakit yang tidak bisa diremehkan, karena dapat menulari manusia.\r\n<br><br>\r\n6. Gagal Ginjal<br>\r\nBiasanya kucing tua rentan terhadap penyakit gagal ginjal. Gagal ginjal ini bisa menyerang tiba-tiba atau bertahap. Gejala kucing mengalami gagal ginjal adalah buang air kecil berlebihan, minum air berlebihan, muntah, lesu, dan penurunan berat badan.\r\n<br><br>\r\n7. Panleukopenia <br>\r\nPanleukopenia adalah penyakit yang sangat menular pada kucing,  terutama anak kucing. Penyakit ini juga menyebabkan kematian. Penyakit ini biasanya menular melalui kotoran kucing dan kutu. Penyakit ini menyerang usus kucing dan sistem imun kucing. Gelaja penyakit ini di antaranya adalah kucing akan diare, lesu, dan menggigit kaki serta ekor belakang.\r\n<br>\r\nNah, itu tadi berbagai macam penyakit yang bisa menyerang kucing peliharaan. Teman-teman perlu memerhatikan kesehatan kucing terutama gigi dan mulut kucing.\r\n<br>\r\nBerikan kucing makanan yang bernutrisi, berikan vaksin, dan berikan suplemen pada kucing peliharaan, ya.\r\nJika kucing teman-teman terlihat sakit, segera konsultasikan pada dokter hewan terdekat.\r\n<br>\r\nSumber : Thea Arnaiz', 'MesyaFaizah', 1645776949, 'Artikel Kucing', 'Penyakit'),
(16, 'Virus imunodefisiensi kucing', 'Virus imunodefisiensi kucing (Feline immunodeficiency virus/FIV) setara dengan HIV untuk kucing. Sekitar 1-5% kucing terinfeksi. Begitu kucing terinfeksi FIV, virus tersebut akan bertahan selama sisa hidupnya.\r\n<br><br>\r\n<b>Apa itu virus imunodefisiensi kucing?<br></b>\r\nVirus imunodefisiensi kucing (Feline immunodeficiency virus/FIV) setara dengan HIV untuk kucing. Penting untuk diperhatikan bahwa orang tidak akan terinfeksi FIV, sementara sekitar 1-5% kucing membawa virus ini.Begitu kucing terinfeksi FIV, virus tersebut akan bertahan selama sisa hidupnya.\r\n<br><br>\r\n<b>Bagaimana FIV menyebar di komunitas kucing?<br></b>\r\nFIV menyebar melalui perkelahian dan gigitan, sehingga lebih sering terlihat pada kucing muda dan tidak disterilkan dengan akses ke luar ruangan, terutama ketika sedang menetapkan wilayah. Virus ini juga dapat menyebar melalui transfusi darah jika darah tidak diperiksa sebelumnya.\r\n<br><br>\r\n<b>Apa yang terjadi jika kucing terinfeksi virus imunodefisiensi kucing?</b><br>\r\nFIV berkembang sangat lambat selama bertahun-tahun, menghancurkan sel darah putih kucing, yang berarti mereka kehilangan kemampuan untuk melawan penyakit. Penurunan sistem kekebalan ini akan mengakibatkan kerentanan terhadap infeksi sekunder, sementara kucing akan membutuhkan waktu lebih lama untuk sembuh dari gangguan kesehatan dan penyakit sehari-hari.\r\n<br><br>\r\n<b>Apa saja gejala FIV?</b><br>\r\nKucing yang mengidap FIV akan menunjukkan beberapa gejala berbeda. Sebagai pemilik, Anda harus memberi perhatian khusus pada:\r\n    ~ Kehilangan berat badan\r\n    ~ Demam\r\n    ~ Infeksi\r\n    ~ Diare\r\n    ~ Kelesuan\r\n    ~ Kucing yang terkena juga mungkin mengidap penyakit neurologis dan beberapa jenis kanker.\r\n<br><br>\r\n<b>Apakah ada tes untuk memahami apakah kucing saya mengidap FIV?</b>\r\nDokter hewan akan dapat menentukan apakah kucing atau anak kucing Anda telah terinfeksi FIV melalui tes darah.\r\n<br><br>\r\n<b>Jika kucing saya mengidap FIV, haruskah saya mempertimbangkan eutanasia?</b>\r\nMengidap FIV bukan alasan untuk eutanasia, tetapi tindakan pencegahan kesehatan yang wajar perlu diikuti dan kucing tidak boleh berkeliaran bebas karena berisiko menginfeksi kucing lain.\r\n<br><br>\r\n<b>Bisakah saya memvaksinasi kucing atau anak kucing saya terhadap FIV?</b> \r\nSekarang ada vaksin untuk virus imunodefisiensi kucing, yang telah diterapkan sejak tahun 2002. Dalam hal memvaksinasi anak kucing, Anda harus memahami berbagai kategori vaksin.\r\n<br><br>\r\nSecara khusus, ada dua kategori, yaitu \"inti\" atau \"direkomendasikan\". Semua vaksin inti harus diberikan kepada semua anak kucing dan kucing oleh dokter hewan, terlepas dari gaya hidupnya.\r\n<br><br>\r\nVaksin inti meliputi:\r\n    ~ Flu kucing - baik feline herpesvirus (fHV) maupun feline calicivirus (FCV)\r\n    ~ Feline panleukopenia virus (FPV)\r\n    ~ Feline leukaemia virus (FeLV)\r\n<br><br>\r\nVaksin FIV tidak termasuk dalam kategori inti, yang berarti bahwa tidak semua kucing atau anak kucing harus divaksin. Vaksin yang termasuk dalam kategori direkomendasikan akan diberikan oleh dokter hewan tergantung pada gaya hidup kucing atau anak kucing.\r\n<br><br>\r\nJika Anda khawatir dan ingin memahami vaksinasi yang tepat untuk diberikan kepada anak kucing baru Anda, bicarakan dengan dokter hewan yang akan memberikan saran berdasarkan beberapa faktor, termasuk apakah kucing Anda akan keluar ruangan dan apakah mereka akan bersentuhan dengan kucing lain.\r\n<br><br>\r\n<b> Berapa kali kucing atau anak kucing saya akan disuntik? </b>\r\nVaksinasi FIV terdiri dari tiga suntikan, berjarak 2 - 4 minggu.\r\n<br><br>\r\n<b> Kapan kucing saya akan terlindung dari FIV? </b>\r\nAnak kucing Anda tidak akan terlindung sampai setelah suntikan ketiga, yang berarti tidak boleh ke luar ruangan sebelum itu.\r\n<br><br>\r\n<b> Apakah vaksin FIV memerlukan booster? </b>\r\nAnak kucing Anda kemudian akan memerlukan booster biasa satu tahun setelah injeksi kedua diberikan, dan setiap tahun setelah itu. Dokter hewan akan memberi tahu Anda jadwal vaksinasi, serta mengingatkan Anda kapan booster sudah harus diberikan.\r\n<br><br>\r\nIngat, jika Anda tidak yakin tentang apa pun yang terkait dengan vaksinasi yang harus diberikan ke anak kucing atau kucing baru Anda, selalu bicarakan dengan dokter hewan.\r\n<br>\r\nSumber :https://www.royalcanin.com/', 'MesyaFaizah', 1645775450, 'Artikel Kucing', 'Penyakit'),
(17, '5 Penyakit yg Rentan Dialami Anak Anjing', 'OLpet, Hallo para petlovers, Taukah Kalian? anak anjing terhitung baru hidup di dunia, tentu kamu ingin melindunginya, terutama dari gangguan penyakit. Hal terbaik yang dapat dilakukan yaitu rutin memberikan makanan yang sehat dan seimbang. Dengan begitu, sistem kekebalan tubuh anak anjing bisa meningkat sehingga dapat melawan infeksi. <hr>\r\n\r\nSistem kekebalan tubuh yang belum matang, kurangnya pengalaman hidup, dan genetika yang buruk bisa menjadi faktor meningkatnya infeksi penyakit pada anak anjing. Kamu perlu menjaga kesehatan anjing kecil kesayangan dengan mewaspadai penyakit yang rentan terjadi, yaitu:<hr>\r\n\r\n1. Parvovirus (Parvo)<hr>\r\nPenyakit ini sangat menular dan sering menyerang anak anjing yang berusia antara 12 minggu hingga 3 tahun. Penyakit ini dapat melalui sekresi tubuh dan anjing yang tidak divaksinasi, parvovirus anjing mudah ditularkan, meskipun sebagian besar anjing sudah divaksin sejak enam hingga delapan minggu kelahiran. <hr>\r\n\r\n2. Distemper<hr>\r\nVaksinasi terhadap virus distemper anjing cukup efektif untuk mencegah penyakit ini. Vaksinasi pertama dilakukan enam sampai delapan minggu, dan sekali lagi setelah 9 minggu. Setelah anak anjing mendapatkan vaksin, maka ia akan menjadi kebal. <br>\r\n\r\nPenyakit ini terhitung parah. Ini terlihat dari gejalanya yang biasanya muncul sebagai gangguan pernapasan dan adanya kotoran mata. Kondisi ini bisa berkembang menjadi pneumonia atau dapat menyebabkan masalah neurologis seperti ensefalopati yang fatal (kerusakan otak).<hr>\r\n\r\n3. Adenovirus<hr>\r\nAdenovirus pada anjing bisa menyebabkan hepatitis pada anjing yang menular. Namun, kondisi ini sudah jarang terjadi karena adanya vaksin. Biasanya vaksin adenovirus diberikan bersamaan dengan vaksin distemper anjing. <hr>\r\n\r\nGejala dari penyakit ini sangat sulit diketahui. Biasanya terjadi masalah pada gastrointestinal seperti muntah dan diare, serta berkembang menjadi penyakit kuning. <hr>\r\n\r\n4. Muntah dan Diare<hr>\r\nJika anak anjing kamu mengalami salah satu dari muntah atau diare, hal pertama yang harus disingkirkan adalah parasit usus. Jika ini bukan penyebab anjing muntah atau diare, maka ia mungkin baru saja makan atau menjilat sesuatu yang seharusnya tidak ia makan. <hr>\r\n\r\n5. Parasit<hr>\r\nBerbagai macam parasit suka menyerang anak anjing. Parasit usus, seperti cacing gelang, dan cacing tambang, ada di hampir setiap anak anjing. Ini harus disingkirkan dengan obat cacing. Selain itu parasit eksternal dapat merusak kesehatan anak anjing, yaitu kutu dan kudis. <hr>\r\n\r\nJadi untuk para petlovers tetap selalu menjaga pola makan, kesehatan , serta lingkungan hewan peliharaan kalian terutama anak anjing kalian, agar selalu sehat, aktif dan selalu ceria.<hr>\r\n<hr>\r\nSumber : dr. Fadhli Rizal Makarim', 'Muhsin Maulana Putra', 1645788068, 'Artikel Anjing', 'Penyakit'),
(18, '5 Ciri-Ciri Anjing Peliaraan Sakit', 'OLpet - Hallo para petlovers, Taukah Kalian? ada banyak ciri-ciri gejala yang di alami oleh hewan loh, terutama pada anjing kesayangan kita. \r\n<hr>\r\nCiri-Ciri Anjing Sakit : <hr>\r\nDengan mengenali ciri-ciri anjing sakit, kamu jadi bisa tahu kapan harus membawa anjingmu ke dokter hewan. Berikut adalah ciri-cirinya: <hr>\r\n1. Muntah <hr>\r\nYang pertama yaitu muntah pada anjing prliharaan bisa menjadi ciri-ciri anjing sakit yang patut diwaspadai. Berbagai jenis hewan, termasuk anjing, biasanya akan muntah untuk menyingkirkan sesuatu yang tidak normal dari dalam sistem pencernaannya. Kamu harus waspada ketika anjingmu sering muntah, apalagi disertai muntah darah dan demam.<hr>\r\n\r\nSama halnya seperti manusia, muntah yang parah bisa menyebabkan anjing mengalami dehidrasi. Jadi, pastikan kamu segera mencari perawatan medis yang tepat.<hr>\r\n2. Perubahan perilaku<hr>\r\nCiri-ciri anjing sakit juga bisa kamu kenali melalui perubahan perilaku. Sebagai pemilik atau pengasuh anjing, kamu tentu harus tahu rutinitas anjingmu dengan jeli. Dengan begitu, ketika ada perubahan perilaku yang tidak biasa atau menyimpang, kamu bisa langsung menyadarinya.<hr>\r\n\r\nMisalnya, jika anjing yang biasanya cerdas dan aktif saat digendong, tetapi tiba-tiba menjadi pendiam, lemas, dan tidak responsif, kemungkinan besar ia mencoba memberi tahu kamu bahwa ia sedang sakit atau merasa tidak enak badan.<hr>\r\n3. Kebiasaan makan yang aneh<hr>\r\nAnjing yang sedang sakit biasanya akan menjadi kurang nafsu makan, tak seperti biasanya. Asalkan ia masih tampak aktif dan mau bermain, hal ini mungkin menandakan bahwa kondisinya masih baik-baik saja.<hr>\r\n\r\nNamun, jika anjingmu tidak makan selama 2 hari atau lebih hingga tampak sangat lemas dan kelelahan, ini merupakan salah satu tanda yang jelas bahwa ia perlu diperiksa.<hr>\r\n\r\nBeberapa penyakit juga bisa menyebabkan kebiasaan makan anjing yang tidak biasa. Misalnya, jika anjingmu biasanya berperilaku baik, tetapi tiba-tiba mulai merampok dapur atau membongkar tempat sampah, kamu sebaiknya segera membawanya ke dokter hewan.<hr>\r\n\r\nSementara itu, ketika sedang mengalami gangguan pencernaan, terkadang anjing bisa lebih sering makan daun atau rumput, lalu memuntahkannya. Perilaku ini bisa jadi merupakan cara anjing untuk mengurangi rasa tidak nyaman yang dirasakannya.<hr>\r\n\r\n4. Penurunan berat badan secara tiba-tiba<hr>\r\nKehilangan berat badan dengan cepat dan tidak terduga dapat mengindikasikan kondisi kesehatan yang serius pada anjing. Jika berat badannya turun hingga sekitar 10 persen atau lebih, segera periksakan anjingmu ke dokter hewan.<hr>\r\n\r\n5. Hidung anjing kering<hr>\r\nNormalnya, anjing yang sehat dan bugar akan memiliki hidung yang lembap. Ketika sedang sakit, hidung anjing bisa saja tampak lebih kering. Beberapa kondisi yang dapat membuat hidung anjing kering adalah dehidrasi, kepanasan, alergi, atau gangguan autoimun.<hr>\r\n\r\nMeski demikian, terkadang hidung anjing yang sakit juga bisa tampak normal dan lembap. Kamu perlu waspada, jika hidung anjingmu tampak kering dan disertai gejala lain, seperti anjing tampak lemas, kurang nafsu makan, atau tidak seaktif biasanya.<hr>\r\n<hr>\r\nSumber : dr. Kevin Adrian', 'Muhsin Maulana Putra', 1645787936, 'Artikel Anjing', 'Penyakit');
INSERT INTO `article` (`id`, `judul`, `isi`, `penulis`, `tanggal`, `jenis_artikel`, `kategori`) VALUES
(19, '6 Penyakit Mematikan Pada Anjing', 'OLpet - Hallo para petlovers, Taukah kalian tentang penyakit mematikan pada anjing? bahkan ada yang tidak bisa disembuhkan lho! Serem bukan? Oleh karena itu mari mengenal penyakit mematikan pada anjing agar kita dapat menghindari dan mencegah penyakit pada anjing kesayangan kita <hr>\r\n\r\n6 Penyakit Mematikan Pada Anjing : <hr>\r\n1. Canine distemper, penyakit dengan gejala mata berair, demam, demam, batuk, muntah, dan lumpuh <hr>\r\nCanine distemper disebut juga dengan hardpad karena mengeraskan hidung dan kaki anjing. Penyakit ini berasal dari virus yang sangat menular melalui paparan udara atau mangkuk makanan bersama. Semua anjing berisiko tertular penyakit ini, terutama anak anjing dan anjing dengan kondisi kesehatan yang buruk. <hr>\r\n\r\n2. Canine parvovirus, penyakit dengan gejala demam, lesu, muntah, diare, dehidrasi, dan penurunan berat badan <hr>\r\nCanine parvovirus atau sering disingkat parvo adalah virus yang sangat menular. Virus ini menginfeksi anjing yang bersentuhan dengan kotoran anjing lain yang sakit. Sayangnya, parvo mudah menyebar tetapi sulit diberantas, terutama setelah menyerang organ internal anjing.\r\n\r\n3. Cacing jantung, penyakit dengan gejala lesu, batuk, masalah pernapasan, penyakit jantung, dan penurunan berat badan <hr>\r\nCacing jantung atau heartworms adalah parasit yang hidup di jantung anjingmu. Hal tersebut berakibat fatal pada jantung, pembuluh darah, dan paru-paru jika sudah terinfeksi. <hr>\r\n\r\n4. Batuk Kennel, penyakit dengan gejala batuk berat, tersedak, dan lesu <hr>\r\nPenyakit ini menginfeksi saluran pernapasan dan menyebabkan peradangan dan iritasi. Penyakit ini dapat menyebar dengan cepat melalui interaksi jarak dekat dengan anjing yang terinfeksi, seperti tempat penampungan, taman anjing, dan kandang. Semua anjing berisiko terinfeksi, terutama anak anjing, anjing tua, dan anjing yang gak divaksinasi. <hr>\r\n\r\n5. Leptospirosis, penyakit dengan gejala demam, nyeri otot, lesu, dehidrasi, muntah, dan sakit kuning <hr>\r\nPenyakit ini disebabkan oleh bakteri Leptospira melalui kontak langsung dengan anjing yang sakit. Dilansir dari The American Veterinary Medical Foundation (AVMA), anjing juga bisa tertular lewat urine, makanan yang terkontaminasi urine, tempat tidur, atau gigitan hewan yang sakit.\r\n\r\n6. Penyakit ginjal, penyakit dengan gejala penurunan berat badan, peningkatan buang air kecil dan haus, kehilangan nafsu makan, dan muntah <hr>\r\nMenurut Dr. Roberta Relford dari IDEXX Laboratories, satu dari sepuluh anjing di dunia terserang penyakit ginjal. Ginjal sehat pada anjing sendiri berfungsi untuk menghilangkan limbah protein, menyeimbangkan air tubuh, garam, dan asam untuk menghasilkan urine berkualitas tinggi. Namun, seiring bertambahnya usia anjing, penyakit ginjal dapat mengganggu metabolisme tubuhnya tersebut.\r\n\r\nSebagian besar penyakit mematikan bisa dicegah dengan pemberian vaksin. Sementara, jika kamu melihat gejala penyakit di atas, segera konsultasikan pada dokter hewan, ya. Itu agar anjingmu mendapatkan diagnosis yang tepat serta pengobatan terbaik.\r\n<hr>\r\nSumber : Yudha', 'Muhsin Maulana Putra', 1645787881, 'Artikel Anjing', 'Penyakit'),
(20, 'Yuk, Ketahui 3 Siklus Menstruasi Pada Anjing Betina', 'OLpet - Hallo para petlovers, Taukah kalian tentang siklus menstruasi pada anjing? Umumnya, anjing mencapai pubertas pada usia enam bulan, tapi ini bisa saja bervariasi pada setiap anjing. Sebagian besar anjing mengalami menstruasi pertama tidak teratur, tapi siklusnya cenderung normal dalam dua tahun pertama. Lantas, seperti apa tanda-tanda menstruasi pada anjing betina? <hr>\r\n\r\n3 Siklus Menstruasi Pada Anjing Betina : <hr>\r\n\r\n1. Proestrus <hr>\r\nVulva anjing akan terlihat bengkak atau lebih besar dari biasanya. Kondisi ini biasanya disertai dengan keluarnya leleran darah dari vagina atau terkadang disebut menstruasi. Hal ini biasa muncul pada awal proestrus dan akan semakin berkurang dan berhenti pada fase estrus. Namun, ada juga beberapa anjing betina yang baru mengeluarkan darah banyak saat estrus. <hr>\r\n\r\nSelain itu, anjing betina juga menunjukkan perubahan perilaku seperti gelisah. Pada tahap ini, dia akan menyelipkan ekornya di antara kaki dan tidak menunjukkan tanda-tanda ingin berkembang biak. Anjing juga akan lebih melekat pada majikannya dan biasanya masih menolak untuk dikawinkan meskipun anjing jantan sudah mulai tertarik dengan anjing betina. <hr>\r\n\r\n2. Estrus <hr>\r\nTahap ini di mana anjing siap berkembang biak. Leleran yang keluar dari vagina anjing bisa berubah dari darah menjadi cairan bening atau kecokelatan. Anjing biasanya suka menggerakkan ekornya ke samping, dan mulai genit pada anjing jantan. <hr>\r\n\r\nIni merupakan tanda bahwa ia sudah subur. Jangan heran, perilaku ini diakibatkan oleh fluktuasi hormonnya. Jika kamu berniat untuk mengembangbiakkan anjing, dokter hewan akan melakukan beberapa pemeriksaan selama tahap ini. Pemeriksaan akan menentukan waktu terbaik untuk berkembang biak. <hr>\r\n\r\nSaat anjing betina berahi, tubuhnya mengeluarkan feromon yang bisa dicium anjing jantan dari jarak yang sangat jauh. Anjing jantan akan tertarik padanya dan mungkin memperebutkannya. Anjing betina mulai agresif pada anjing jantan. Jika kamu tidak ingin anjing peliharaan kawin dengan anjing lain saat ia berahi, penting untuk menjauhkan anjing peliharaan dari anjing jantan selama waktu tersebut. <hr>\r\n\r\nPerlu diketahui, ada komplikasi yang sangat serius yang bisa terjadi setelah tahap estrus yang disebut pyometra, yaitu infeksi pada rahim. Jadi jika anjing mengeluarkan cairan seperti nanah dari vulvanya, segera hubungi dokter hewan melalui aplikasi Halodoc kemudian bahwa dia ke dokter hewan. Ini merupakan situasi darurat dan bahkan bisa menyebabkan kematian. <hr>\r\n\r\n3. Anestrus <hr>\r\nAnestrus adalah waktu antara diestrus dan proestrus berikutnya. Tahapan ini akan berlangsung sekitar 4 bulan, meskipun ras tertentu bisa bertahan lebih lama. Saat mengalami kondisi ini, vulva tidak lagi membengkak dan tidak ada leleran. Tubuh menggunakan waktu ini untuk memungkinkan rahim anjing betina mempersiapkan kemungkinan kehamilan berikutnya. <hr>\r\n<hr>\r\nSumber : Redaksi Halodoc', 'Muhsin Maulana Putra', 1645787799, 'Artikel Anjing', 'Reproduksi'),
(21, 'Mengenal Reproduksi Pada Anjing', 'OLpet : Hallo para petlovers, Kali ini kita akan mengenal sistem reproduksi pada anjing, Tahukan kalian petlovers? Anjing (Canis familiaris) merupakan hewan liar yang te1ah menga1ami proses domestikasi. Banyaknya kegunaan hewan ini dalam kehidupan manusia sehari-hari, menyebabkan banyak yang memelihara dan mengembangbiakkannya. Siklus reproduksi anjing sangat unik diantara hewan-hewan domestik lainnya. <hr>\r\n\r\nUmumnya hanya mengalami dua kali musim kawin da1am setahun (mono estrus) dan periode berahi yang panjang. Proestrus terjadi kira-kira 9 hari, dan estrus atau berahi yang sebenarnya berlangsung antara 7-9 hari. Ovulasi biasanya terjadi pad a hari ke tiga periode estrus. Jika konsepsi tidak terjadi, periode metestrus akan di1anjutkan dengan terbentuknya kebuntingan palsu (pseodopregnancy) yang 1amanya hampir sarna dengan kebuntingan sebenarnya. <hr>\r\n\r\nMengetahui reproduksi pada hewan peliharaan merupakan hal yang penting untuk bisa mendapatkan keturunan, karena ada banyak hal yang harus ketahui oleh seorang pembiak sebelum mengawinkan hewan peliharaannya. Anjing betina memiliki siklus yang mirip manusia dan dianggap dewasa jika sudah mengalami menstruasi. Namun, keluarnya darah pertama kali untuk setiap anjing berbeda beda tergantung ras, pribadi dan lingkungan. Anjing betina berukuran kecil mengalami menstruasi umur 6-12 bulan sedangkan anjing betina ukuran besar umur 12-24 bulan.  <hr>\r\nAnjing betina yang sehat dapat menstruasi setiap 6 bulan sekali dengan masa menstruasi selama 21 hari. Organ reproduski anjing jantan berkembang saat umur 1 tahun dan siap mengawini betina. Waktu yang tepat untuk pemacakan adalah pada hari ke 9-14 dari hari pertama masa loops. Masa kehamilan pada anjing berlangsung sekitar 55-65 hari dan sebaiknya diberi multivitamin serta tambahan kalsium.\r\n<hr>\r\nDeteksi kebuntingan pada anjing dapat dilakukan dengan  memperhatikan : <hr>\r\n1. Warna puting susu, jika kemerahan berarti anjing tersebut hamil\r\n2. Tingkah laku anjing betina biasanya menjadi tenang dan pemalas\r\nSetelah melahirkan, anak anjing menghabiskan waktunya untuk tidur selama 1-2 minggu sejak kelahiran. Pada umur 3 minggu, biasanya anjing sudah mulai mengenal lingkungan termasuk pemiliknya. Anak anjing berumur 8 minggu akan meninggalkan induknya dan bisa disapih.\r\n<hr>\r\nSumber : Harlina, Eva', 'Muhsin Maulana Putra', 1645787672, 'Artikel Anjing', 'Reproduksi'),
(22, 'Diabetes Pada Kucing, Gejala, Penyebab, Diagnosa, Pengobatan dan Pencegahannya', 'Diabetes pada kucing adalah penyakit kompleks yang disebabkan oleh kurangnya hormon insulin atau respons yang tidak memadai terhadap insulin.\r\n<br><br>\r\nSetelah kucing makan, sistem pencernaannya memecah makanan menjadi berbagai komponen, termasuk glukosa yang dibawa ke dalam selnya oleh insulin.\r\n<br><br>\r\nKetika kucing tidak memproduksi insulin atau tidak dapat menggunakannya secara normal, kadar gula darahnya meningkat. Hasilnya adalah hiperglikemia, yang jika tidak ditangani, dapat menyebabkan banyak masalah kesehatan yang rumit pada kucing.\r\n<br><br>\r\nPenting untuk dipahami bahwa diabetes dianggap sebagai suatu bentuk kelainan metabolisme tubuh yang dapat ditangani, dan banyak kucing penderita diabetes dapat hidup bahagia dan sehat. Beberapa bahkan mungkin mengalami remisi atau pengurangan kadar diabetesnya!\r\n<br><br>\r\nDiabetes dapat diklasifikasikan sebagai:\r\n<br><br>\r\n  - Tipe I (kurangnya produksi insulin)<br>\r\n  - Tipe II (gangguan produksi insulin bersama dengan respons yang tidak memadai terhadap hormon).<br><br>\r\nKucing dengan diabetes tipe II dapat berkembang menjadi diabetes tipe I. Faktanya, pada saat sebagian besar kucing didiagnosis menderita diabetes, mereka teridentifikasi memiliki kelainan tipe I. Kucing ini membutuhkan terapi insulin untuk bertahan hidup. Kucing dengan penyakit tipe II dapat merespons bentuk terapi lain.\r\n<br><br>\r\n-Gejala Diabetes pada Kucing-<br>\r\nBerikut ini adalah tanda-tanda bahwa kucing Anda menderita diabetes:<br>\r\n  - Perubahan nafsu makan (meningkat atau menurun) <br>\r\n  - Penurunan berat badan<br>\r\n  - Haus berlebihan / peningkatan konsumsi air<br>\r\n  - Peningkatan buang air kecil<br>\r\n  - Buang air kecil di area selain kotak kotoran<br>\r\n  - Nafas berbau harum yang tidak biasa<br>\r\n  - Kelesuan<br>\r\n  - Dehidrasi<br>\r\n  - Mantel rambut tidak terawat<br>\r\n  - Infeksi saluran kemih<br>\r\n<br><br>-Penyebab Diabetes Pada Kucing-<br>\r\nPenyebab pasti diabetes tidak diketahui. Genetika, penyakit pankreas, obat-obatan tertentu dan protein abnormal di pankreas dapat berperan dalam menyebabkan gangguan ini.\r\n<br>\r\nFaktor terpenting dalam perkembangan diabetes tampaknya adalah obesitas, jenis kelamin (kucing jantan lebih sering terserang daripada betina) dan usia.\r\n<br><br>\r\n-Mendiagnosis Diabetes Pada Kucing-<br>\r\nUntuk mendiagnosis diabetes dengan benar, dokter hewan biasanya akan mengumpulkan informasi tentang tanda-tanda klinis, melakukan pemeriksaan fisik dan melakukan pemeriksaan darah dan urinalisis.\r\n<br><br>\r\n-Pengobatan Diabetes Pada Kucing-<br>\r\n<ul>\r\n<li>Setiap kucing penderita diabetes bersifat unik dan terapi yang digunakan berbeda-beda. Perawatan diabetes didasarkan pada seberapa parah tanda-tanda penyakit tersebut dan apakah ada masalah kesehatan lain yang dapat mempersulit terapi.</li><br>\r\n\r\n<li>Beberapa kucing penderita diabetes yang terlanjur parah saat pertama kali didiagnosis membutuhkan perawatan intensif di rumah sakit selama beberapa hari untuk mengatur kadar gula darahnya.</li><br>\r\n\r\n<li>Kucing penderita diabetes pada masa-masa awal saat pertama kali didiagnosis, dapat merespons pengobatan oral atau diet tinggi serat.</li><br>\r\n\r\n<li>Bagi kebanyakan kucing penderita diabetes, suntikan insulin diperlukan untuk pengaturan glukosa darah yang memadai. Dokter hewan Anda akan memberikan petunjuk cara memberikan suntikan insulin di rumah (dosis yang digunakan biasanya berdasarkan berat badan kucing itu sendiri).</li>\r\n<br>\r\n<li>Dokter hewan Anda mungkin juga akan menunjukkan cara melakukan tes glukosa di rumah untuk kucing penderita diabetes. Pemeriksaan lab darah rutin lainnya mungkin juga diperlukan.<br></li>\r\n<li>Hindari pemberian makanan tinggi glukosa pada kucing penderita diabetes.</li>\r\n</ul>\r\n<br><br>\r\n-Pencegahan Diabetes Pada Kucing-<br>\r\nPola makan yang tepat dan olahraga teratur bisa sangat membantu untuk menghindari perkembangan diabetes kucing. Selain efek negatif lainnya, obesitas diketahui berkontribusi terhadap resistensi insulin.\r\n<br>\r\nSering-seringlah mengajak main kucing Anda, dengan demikian tubuh mereka akan membakar kalori dan glukosa dalam darahnya untuk menghindari diabetes.\r\n<br>\r\nJangan memberikan makanan berlebihan sehingga bisa mengakibatkan obesitas pada kucing Anda.\r\n<br><br>\r\n-Curiga Kucing Anda Diabetes?-<br>\r\nJika kucing Anda menunjukkan tanda-tanda klinis yang tidak normal seperti yang tercantum di atas, segera buat janji bertemu dengan dokter hewan Anda.<br>\r\n\r\nSama seperti manusia, kucing penderita diabetes yang tidak dirawat bisa mengakibatkan penyakit kronis lainnya seperti penyakit ginjal, gangguan neurologis (syaraf) atau penyakit metabolik lainnya.\r\n<br>\r\nKucing penderita diabetes tipe I membutuhkan terapi insulin untuk bertahan hidup.', 'Muhsin Maulana Putra', 1645787474, 'Artikel Kucing', 'Penyakit'),
(23, '5 Varian Makanan yang Sehat untuk Anjing', 'OLpet - Hallo para petlovers, Kali ini kita akan mengeksplore makanan-makanan untuk anjing yang sehat dan makanan yang tidak cepat bosan bagi anjing peliharaan kita, Tahukan kalian petlovers? Bicara soal makanan anjing, di pasaran tentu sudah banyak sekali jenis dan mereknya. Menurut Pet Food Manufacturers Association, makanan anjing yang tersedia di pasaran mencakup makanan basah, kering, dan mentah. Selain itu, ada pula produk makanan lengkap dan melengkapi, yang sudah diformulasikan khusus untuk kesehatan anjing.  <hr>\r\n\r\n5 Varian Makanan yang Sehat untuk anjing : <hr>\r\n\r\n1. Kaldu Tulang <hr>\r\n\r\nKaldu tulang adalah salah satu makanan yang bisa memberi manfaat bagi kesehatan anjing. Kamu bisa membeli atau membuatnya dengan merebus tulang dari daging sapi atau ayam selama beberapa jam dengan api kecil, hingga warna kuahnya agak keruh dan kental. <hr>\r\n\r\nManfaat memberi kaldu tulang pada anjing adalah memelihara kesehatan pencernaan, membantu detoksifikasi hati, mengurangi peradangan, memperkuat tulang, sendi, otot, tendon, dan ligamen, serta meningkatkan kekebalan tubuh. <hr>\r\n\r\n2. Susu Kambing Mentah <hr>\r\n\r\nSusu kambing mentah atau yang tidak dipasteurisasi adalah salah satu makanan untuk anjing yang kaya nutrisi. Enzim dalam susu kambing mentah membantu proses pencernaan. <hr>\r\n\r\nHal ini membuat susu kambing lebih dapat ditoleransi oleh anjing untuk dicerna daripada susu sapi. Jenis susu ini mengandung lemak sehat, omega-3, protein/asam amino, serta mineral. Memberikan susu kambing mentah pada anjing memperkuat sistem kekebalan dan mengurangi alergi. <hr> \r\n\r\n3. Ikan dengan Omega-3 <hr>\r\n\r\nSebagai variasi, kamu juga bisa memberi anjing ikan dengan kandungan omega-3 seperti sarden atau ikan yang berukuran kecil lainnya. Ikan dengan omega-3 bermanfaat bagi kesehatan otak, fungsi ginjal, jantung, kulit, dan mata. <hr>\r\n\r\n4. Jamur <hr>\r\n\r\nCobalah campurkan jamur ke dalam menu makan anjing sehari-hari. Sebab, jamur mengandung vitamin dan nutrisi lain seperti beta glukan, flavonoid, prebiotik, enzim pencernaan, dan antioksidan. <hr>\r\n\r\nSalah satu manfaatnya bagi anjing untuk meningkatkan kekebalan tubuh. Namun, jangan memberikan jamur liar sembarangan karena bisa berbahaya bagi anjing. <hr>\r\n\r\n5. Makanan Fermentasi <hr>\r\n\r\nMakanan fermentasi adalah sumber bakteri baik (probiotik) yang luar biasa. Selain untuk membantu detoksifikasi usus, makanan fermentasi juga bagus untuk mendukung fungsi kekebalan. Sebab, proses fermentasi makanan umumnya menghasilkan vitamin C, K2, dan vitamin B, asetilkolin, kolin, enzim yang mendukung pencernaan dan aktivitas metabolisme, dan asam laktat. <hr>\r\n\r\nBeberapa pilihan makanan fermentasi yang bisa diberikan pada anjing adalah kefir, yoghurt, sayuran yang difermentasi, kaldu ikan fermentasi, kecap ikan yang difermentasi, dan kombucha. <hr>\r\n<hr>\r\nSumber :  dr. Fadhli Rizal Makarim', 'Muhsin Maulana Putra', 1645787408, 'Artikel Anjing', 'Nutrisi'),
(24, '8 Rekomendasi Merek Makanan Anjing Terbaik di INDONESIA', 'OLpet - Hallo para petlovers, Kali ini kita akan mengeksplore merek makanan-makanan yang terbaik dari indonesia ni, Tahukan kalian petlovers? Memilih makanan anjing tidak boleh asal-asalan, namun komposisinya harus disesuaikan dengan kebutuhan anjing kesayanganmu.\r\n<hr>\r\nSecara umum, pakan anjing terbaik jadi dua jenis, yakni jenis kering dan basah. <hr>\r\nPerbedaan mendasar pada dua jenis tersebut adalah kandungan airnya. Jenis kering mengandung sekitar 8% air, sedangkan jenis basah mengandung sekitar 75% air.\r\n\r\nKetika memilih pakan anjing, kamu juga harus memperhatikan peruntukan pakannya. Ada varian untuk anak anjing, anjing dewasa, dan sebagainya.\r\n<hr>\r\nSelain itu kamu juga harus mempertimbangkan ukurannya, ada makanan anjing 20kg dan ukuran lainnya. <hr>\r\n\r\nMerek Makanan Anjing Terbaik : <hr>\r\n1. Royal Canin <hr>\r\nRoyal Canin adalah salah satu merek makanan anjing unggulan yang konon merupakan merek terbaik di dunia.\r\nKomposisi makanan ini mengandung 50 bahan penting yang anjing kesayanganmu butuhkan selama tumbuh kembangnya.\r\nAda dua jenis makanan yang tersedia, yakni makanan kering dan basah.\r\nSelain itu, Royal Canin juga menyediakan berbagai pilihan varian, mulai dari untuk anak anjing hingga anjing dewasa.\r\n<hr>\r\n2. Pro Plan\r\npro plan makanan untuk anjing Di antara berbagai merek pakan anjing, Pro Plan katanya mengandung nutrisi dan gizi yang paling seimbang.\r\nHal ini sesuai dengan moto Pro Plan yang ingin menyediakan makanan hewan yang dapat membuat lebih sehat, energik, dan tangguh.\r\nSelain itu, pakan anjing yang merek ini tawarkan juga mampu merawat kulit, bulu, dan struktur tulang.\r\nPro Plan menyediakan berbagai varian, mulai dari anak-anak, dewasa, hingga anjing yang memiliki penceranaan sensitif.\r\n<hr>\r\n3. Alpo\r\nAlpo mengedepankan aroma dan rasa daging yang kuat, sehingga mampu meningkatkan nafsu makan anjing secara optimal.\r\nTak hanya itu, makanan ini juga mengandung protein berkualitas lengkap dengan 23 vitamin yang mampu menjaga kesehatan hewan.\r\nAda dua jenis pakan anjing yang yang merek Alpo tawarkan, yakni kering dan basah.\r\nSelain itu, Alpo juga menyediakan beberapa varian kandungan yang bisa kamu sesuaikan dengan kebutuhan anjing.\r\n<hr>\r\n4. Pedigree\r\nMakanan anjing Pedigree adalah salah satu merek pakan anjing yang banyak dijumpai di toko-toko hewan maupun marketplace online. Merek ini mengunggulkan kandungan minyak nabati yang katanya baik untuk kulit, bulu, dan sistem pencernaan.\r\nJangan khawatir untuk tingkat keamanannya, sebab Pedigree sudah mengantongi sertifikat dan persetujuan dari AAFCO.\r\n<hr>\r\n5. Science Diet\r\nScience Diet menawarkan keseimbangan rasa dan nutrisi yang menggunakan daging ayam, domba, dan salmon sebagai komposisinya.\r\nMerek ini juga menyediakan pilihan makanan basah yang khusus untuk anjing dengan masalah pencernaan seperti muntah, sembelit, ataupun diare.\r\n<hr>\r\n6. Dr Tim’s\r\nDr Tim’s terbuat dari bahan baku yang terfokus pada kandungan protein hewani serta tepung ayam.\r\nDari komposisinya, Dr Tim’s mengandung 33% protein, 36% karbohidrat, dan 22% lemak.\r\n<hr>\r\n7. Instinct Original\r\nInstinct Original menggunakan daging sapi asli, tepung ayam, dan tepung ikan untuk memenuhi kebutuhan protein.\r\nMerek makanan yang satu ini terbilang unggul karena keseimbangan kandungannya dengan 40% protein, 31% karbohidrat, dan 21% lemak.\r\n<hr>\r\n8. Annamaet Ultra\r\nAnnamaet Ultra terbuat dari daging ayam sebagai bahan baku utamanya untuk memenuhi kebutuhan protein anjing.\r\nTak hanya itu saja, makanan anjing terbaik yang satu ini juga mengandung bahan-bahan lainnya yang baik untuk tumbuh kembang anjing.\r\nJika kamu kalkulasikan, Annamaet Ultra mengandung 36% protein, 34% karbohidrat, dan 22% lemak. \r\n\r\n<hr>\r\nSumber : https://www.99.co/blog/indonesia/merek-makanan-anjing-terbaik/', 'Muhsin Maulana Putra', 1645787276, 'Artikel Anjing', 'Nutrisi'),
(25, 'Jenis-Jenis Vaksin Anjing dan Jadwalnya', 'OLpet - Hallo para petlovers, Kali ini kita akan mengenali jenis-jenis vaksin dan jadwalnya, Tahukan kalian petlovers? Vaksin anjing diperlukan agar anjing bisa hidup sehat dan terlindung dari penyakit tertentu, sekaligus untuk mencegah penularan penyakit dari anjing ke manusia. Oleh karena itu, bila memiliki anjing peliharaan, penting bagi kamu untuk mengenal jenis vaksin anjing apa saja yang harus diberikan.\r\n<hr>\r\nSama seperti manusia, anjing juga membutuhkan vaksinasi. Melengkapi vaksinasi anjing sesuai jadwal merupakan salah satu bagian penting dari langkah perawatan untuk anjing kesayanganmu. Secara umum, ada 2 jenis vaksin anjing, yakni vaksin wajib dan vaksin tambahan.\r\n<hr>\r\nVaksin Anjing yang Wajib Diberikan dan Jadwalnya : <hr>\r\n1. Vaksin distemper anjing <hr>\r\nDistemper adalah salah satu penyakit menular dan berbahaya pada anjing yang disebabkan oleh virus. Infeksi ini dapat ditularkan pada anjing melalui paparan udara atau peralatan makanan yang digunakan secara bersamaan dengan hewan lain yang terinfeksi.\r\n<hr>\r\nJika tidak dicegah dengan vaksin, distemper berisiko menyebabkan gangguan pernapasan dan kerusakan otak permanen pada anjing. Distemper juga bisa menyebabkan diare, dehidrasi, kejang, dan kesulitan menelan pada hewan ini.\r\n<hr>\r\nBerikut adalah jadwal pemberian dosis vaksin distemper anjing : <hr>\r\n\r\n- 3 dosis diberikan pada anak anjing usia 6–16 minggu <hr>\r\n- 2 dosis diberikan pada anjing usia di atas 16 minggu dengan jarak 3–4 minggu <hr>\r\n- Dosis vaksin booster pada anak anjing setelah 1 tahun vaksinasi penuh <hr>\r\n- Dosis vaksin booster setiap 3 tahun pada semua anjing <hr>\r\n\r\n2. Vaksin hepatitis anjing <hr>\r\nHepatitis anjing adalah infeksi virus menular yang menyerang hati, ginjal, limpa, paru-paru, dan mata anjing. Penyakit hati ini disebabkan oleh adenovirus tipe-1, virus yang berbeda dengan hepatitis manusia.\r\n<hr>\r\nHepatitis anjing bisa ditularkan melalui air liur, urine, dan tinja anjing yang terinfeksi virus. Jika tidak terlindungi oleh vaksin, anjing yang terkena hepatitis bisa berisiko mengalami kerusakan hati yang parah dan bahkan kematian.\r\n<hr>\r\nOleh karena itu, untuk mencegah penyakit ini pada anjing kesayanganmu, berikanlah ia vaksin hepatitis anjing sesuai jadwal berikut:\r\n<hr>\r\n3 dosis vaksin diberikan pada anjing usia 6–16 minggu dengan jarak 3–4 minggu\r\nDosis vaksin booster diberikan pada anjing setiap 3 tahun <hr>\r\n\r\n3. Vaksin parvovirus<hr>\r\nInfeksi Parvovirus dapat menyerang saluran pencernaan anjing dan menyebabkannya mengalami gejala tidak nafsu makan, muntah, demam, diare atau buang air besar berdarah, dan bahkan dehidrasi. Infeksi ini paling berisiko menyerang anjing berusia kurang dari 4 bulan yang tidak divaksinasi.\r\n<hr>\r\nSampai saat ini, infeksi Parvovirus belum bisa diobati. Jika terjadi pada anjing yang belum divaksinasi, infeksi ini bisa berakibat fatal. Itulah sebabnya, penting untuk melakukan vaksinasi Parvovirus pada anjing dengan jadwal berikut :\r\n<hr> \r\n- 3 dosis diberikan pada anak anjing usia 6–16 minggu <hr>\r\n- 2 dosis diberikan pada anjing usia di atas 16 minggu dengan jarak waktu 3–4 minggu <hr>\r\n -Dosis vaksin booster pada anak anjing setelah 1 tahun vaksinasi penuh <hr>\r\n- Dosis vaksin booster setiap 3 tahun pada semua anjing dewasa <hr>\r\n\r\n4. Vaksin rabies <hr> \r\nRabies adalah infeksi virus yang menyerang otak dan sumsum tulang belakang. Semua mamalia, termasuk anjing dan manusia, bisa tertular rabies. Rabies pada anjing paling sering ditularkan dari gigitan atau paparan hewan liar. Infeksi virus ini bisa menyebabkan gangguan sistem saraf dan bisa berakibat fatal.\r\n<hr>\r\nCara terbaik untuk mencegah penularan rabies adalah melakukan vaksinasi pada anjing sesuai jadwal. Berikut adalah jadwal vaksin rabies anjing beserta dosisnya :\r\n<hr>\r\n- 1 dosis diberikan pada anak anjing usia 16 minggu atau di bawahnya <hr>\r\n- 1 dosis diberikan pada anjing dewasa usia di atas 16 minggu <hr>\r\n- Dosis vaksin booster diberikan setiap 3 tahun <hr>\r\n<hr>\r\nSumber : dr. Kevin Adrian', 'Muhsin Maulana Putra', 1645787337, 'Artikel Anjing', 'Vaksin'),
(26, 'Harga Vaksin, Persiapan, aturan, dan efek samping vaksin pada anjing', 'OLpet - Hallo para petlovers, Kali ini kita akan mengenali jenis-jenis vaksin dan jadwalnya, Tahukan kalian petlovers? Harga vaksin anjing beragam tergantung jenis vaksin dan tempat vaksinasi anjing. Bagi kamu penyayang hewan peliharaan berkaki empat ini, pasti tahu dong berbagai vaksin yang dibutuhkan.\r\nUntuk memelihara hewan seperti anjing dan kucing ternyata butuh biaya yang lumayan besar lho! Apalagi jika kamu menginginkan hewan peliharaan tumbuh dengan baik. Tentunya diperlukan makanan khusus dan berbagai vaksin.\r\n<hr>\r\nVaksin ini cukup membantu menghindari hewan peliharaan dari risiko berbagai penyakit. Pada anjing, salah satu vaksin yang dibutuhkan adalah rabies. Pasalnya, jika anjing terkena rabies dan menggigit manusia, maka manusia bisa tertular penyakit tersebut.\r\n<hr>\r\nHarga Vaksin : <hr>\r\nHarga vaksin anjing <hr>\r\nDari berbagai informasi yang Lifepal dapat, ternyata harga vaksin anjing cukup beragam. Harga ini didasari jenis atau merek vaksin yang akan diberikan. Harga vaksin anjing ini berkisar Rp200 ribuan untuk satu kali vaksin.\r\n<hr>\r\nJika vaksin kucing biasanya mencegah empat jenis penyakit, berbeda dengan vaksin anjing yang bisa memberikan lebih banyak perlindungan dari sejumlah penyakit.\r\n<hr>\r\nSecara umum, ada tujuh jenis dengan harga vaksin anjing yang berbeda-beda. Vaksin anjing ini diberikan berdasarkan usia anjing, mulai 3 bulan yaitu:\r\n1. Vaksin usia 3-12 bulan untuk mencegah enam jenis penyakit yaitu gangguan saluran pencernaan, penyakit pernapasan, penyakit batuk ringan, gangguan fungsi hati, radang pencernaan, dan penyakit akibat urin tikus pada makanan atau minuman (leptospirosis).\r\n<hr>\r\n2. Vaksin kedua untuk mencegah tujuh penyakit, enam di antaranya sama seperti vaksin tahap pertama dengan tambahan perlindungan dari penyakit batuk berkepanjangan (bordetella).\r\n<hr>\r\n3. Vaksin ketiga diberikan satu tahun kemudian yang memberikan perlindungan dari tujuh penyakit pada vaksin kedua plus rabies.\r\n<hr>\r\nUntuk harga vaksin anjing tahap pertama berkisar Rp200 ribu. Kemudian, harga vaksin anjing tahap kedua sekira Rp220 ribu, dan harga vaksin rabies anjing yang diberikan pada tahap ketiga berkisar Rp120 ribu.\r\n\r\n<hr>\r\nPersiapan, aturan, dan efek samping vaksin pada anjing <hr>\r\nPentingnya vaksin pada anjing, membuat pemberiannya gak bisa sembarangan. Selain harus sesuai usia, ada persiapan, aturan, dan efek samping yang harus kamu ketahui.\r\n<hr>\r\nJadi, kamu gak cuma siapkan biaya hewan peliharaan untuk harga vaksin anjing, tapi harus tahu hal-hal berikut, ya!\r\n<hr>\r\n1. Persiapan vaksin pada anjing\r\nAnak anjing sebenarnya telah mendapatkan antibodi dari air susu induknya, selama induk tersebut punya imun yang bagus.\r\n<hr>\r\nItu sebabnya, pemberian vaksin gak bisa sembarangan. Kamu harus menyiapkan anjing kesayangan dalam kondisi sehat dan normal sebelum divaksin. Berikut syarat pemberian vaksin pada anjing:\r\n<hr>\r\nSehat secara fisik, terlihat lincah dan tidak stres.\r\nSuhu tubuh normal yaitu 38-39,3 derajat celcius.\r\nGak mengalami gangguan makan atau minum.\r\nGak mengalami gangguan urinasi (buang air kecil).\r\nGak mengalami diare.\r\nTidak dalam masa penyembuhan setelah sakit atau operasi.\r\nVaksin sesuai usia.\r\n<hr>\r\n2. Aturan dan jadwal pemberian vaksin pada anjing <hr>\r\n<hr>\r\nMenurut American Veterinary Medical Association (AVMA), anjing yang jarang terpapar penyakit tidak harus menjalani booster tiap 1 tahun untuk beberapa penyakit.\r\n<hr>\r\nNamun rekomendasi tersebut didasarkan oleh banyak faktor, antara lain umur, ras, status kesehatan, risiko paparan penyakit, tipe vaksin, dan lingkungan dimana anjing tinggal.\r\n<hr>\r\nPenting untuk memantau jadwal vaksinasi anjing dan memastikan peliharaan kamu tetap dalam keadaan sehat dan terhindar dari penyakit.\r\n<hr>\r\nBerikut jadwal pemberian vaksin pada anjing:\r\n<hr>\r\nUsia 6 minggu: vaksin Parvo\r\n<hr>\r\nUsia 9 minggu: vaksin Parvo, Distemper, Parainfluenza, Hepatitis, dan Leptospira\r\n<hr>\r\nUsia 12 minggu: vaksin Parvo, Distemper, Parainfluenza, Hepatitis, Leptospira, dan Rabies\r\n<hr>\r\nUsia 1 tahun: vaksin Parvo, Distemper, Parainfluenza, Hepatitis, Leptospira, Rabies, dan Bordetella.\r\n<hr>\r\n3. Efek samping vaksin pada anjing\r\n<hr>\r\nVaksinasi yang bersifat menstimulasi sistem kekebalan tubuh hewan bertujuan memproteksi tubuh dari berbagai penyakit dan infeksi virus. Namun, ada beberapa efek samping yang biasanya dialami anjing setelah divaksinasi, yaitu:\r\n<hr>\r\nRasa sakit pada area sekitar suntikan vaksin <hr>\r\nDemam <hr>\r\nLemas <hr>\r\nNafsu makan berkurang <hr> \r\nPilek <hr>\r\nAlergi. <hr>\r\nPada umumnya, kondisi ini terjadi beberapa jam hingga maksimal 2 hari. Jadi, jika gejala ini terjadi pada anjing kesayangan setelah divaksin, kamu gak perlu khawatir.\r\n<hr>\r\nPada umumnya, reaksi efek samping berlebihan yang mungkin timbul sangat jarang terjadi. Namun, gak ada salahnya jika kamu memeriksa ke dokter hewan jika area sekitar injeksi mengalami pembengkakan hingga lebih dari 2 minggu.\r\n<hr>\r\nSumber : https://lifepal.co.id/media/harga-vaksin-anjing/', 'Muhsin Maulana Putra', 1645787312, 'Artikel Anjing', 'Vaksin'),
(27, 'Sistem Reproduksi Anjing Jantan', 'OLpet - Hallo para petlovers, Kali ini kita akan mengenal sistem reproduksi pada anjing anjing, Tahukan kalian petlovers? Sistem reproduksi anjing jantan terdiri dari organ kelamin primer berupa gonad jantan yang disebut dengan testes dan kelenjar assesoris berupa prostat. Selain itu, anjing memiliki saluran-saluran reproduksi yang terdiri dari epididymis, vas deferens, ampula, dan urethra. Sedangkan alat kelamin bagian luar terdiri dari penis yang berfungsi sebagai organ kopulatoris (kawin).\r\n<hr>\r\nSistem Reproduksi Anjing Jantan\r\n<hr>\r\nSistem reproduksi pada dasarnya merupakan keseluruhan kinerja secara bersama susunan anatomi dan fisiologi dari beberapa organ. Sistem reproduksi pada anjing berkaitan dengan bagaimana organ-organ reproduksi saling berkaitan dan bekerja sama satu dengan yang lain.\r\n\r\nBerikut merupakan penjelasan mengenai anatomi reproduksi anjing jantan, mulai dari organ kelamin utama, saluran reproduksi, dan kelenjar assesoris yang dimilikinya. Ashdown dan Hancock (1980) dalam Harlina (1986) memaparkan mengenai anatomi reproduksi anjing jantan berikut ini :\r\n\r\n1. Testes\r\nTestes merupakan disebut sebagai organ kelamin primer karena fungsinya segagai penghasil sel spermatozoa. Terdapat dua buah testes pada anjing, yaitu testes bagian kanan dan tesetes bagian kiri. Berbentuk ovoid dan dibungkus oleh lapisan luar yang dinamakan dengan skrotum.\r\n<hr>\r\nSelain menghasilkan spermatozoa, tesetes juga berfungsi untuk menghasilkan hormon kelamin jantan yang disebut dengan testosteron. Spermatozoa diproduksi di dalam tubulus seminiferus atas pengaruh hormon FSH (Follicle Stimulating Hormone).   Sedangkan hormon testosteron dihasilkan oleh sel-sel leydig atas pengaruh hormon ICSH (Interstitial Cell Stimulating Hormone).\r\n<hr>\r\nSelain itu, pada tubulus seminiferus terdapat sel sertoli yang berfungsi sebagai nursing cell utnuk merawat pertumbuhan dan perkembangan sel sperma selama proses spermatogenesis.   Proses spermatogenesis dibagi menjadi dua, yaitu spermatositogenesis dan spermiogenesis.\r\n<hr>\r\nSpermatosistogenesis merupakan proses perkembangan sperma mulai dari sepermatosit perimer hingga spermatid. Sedangkan spermiogenesis merupakan proses perkemabangan sperma mulai dari spermatid hingga spermatozoa.\r\n<hr>\r\n2. Epididymis\r\nEpididymis merupakan saluran reproduksi yang menghubungkan testes dengan vas deferens. Terdapat tiga bagian epididymis, yaitu caput epididymis (kepal), corpus epididymis (badan), dan cauda epididymis (ekor).\r\n<hr>\r\nSedangkan di dekat ligamentum testes, epididymis mengalami pembesaran disebut degan vas deferens. Terdapat empat fungsi utama epididymis, yaitu transportasi, konsentrasi, pendewasaan, dan penyimpanan spermatozoa.  \r\n<hr>\r\n3. Vas Deferens dan Kelenjar Assesoris\r\nVas deferens memanjang beserta pembuluh darah dan syaraf membentuk funiculus spermaticus atau corda spermatica. Sedangkan klenjar assosoris anjing hanya berupa prostat. Kelenjar prostat berfungsi untuk menambah volume cairan ejakulasi, membantu pergerakan spermatozoa, penyangga pH, dan membersihkan urethra sebelum semen diejakulasikan.\r\n<hr>\r\n4. Ampula\r\nAmpula merupakan vas deferens yang mengalami pembesaran. Ampula pada anjing kecil dan kurang berkembang.\r\n<hr>\r\n5. Urethra\r\nUrethra merupakan saluran yang berfungsi mengeluarkan semen dan urine. Urethra rentan mengalami infeksi apabila mikroorganisme seperti bakteri berhasil masuk ke dalamya.\r\n<hr>\r\n6. Penis\r\nBerbeda dengan penis pada hewan mamalia lainnya, penis pada anjing memiliki bentukan khusus yang disebut dengan bulbus glandis. Bulbus glandis berukuran besar dengan pembungkus elastis, sehingga proses ereksi pada anjing membutuhkan waktu yang cukup lama.\r\n<hr>\r\nPenis berfungsi sebagai alat kopulasi, yaitu ketika terjadi proses pemasukan semen ke dalam saluran reproduksi betina. Selain itu, penis juga berfungsi utuk mengeluarkan cairan ekskresi berupa urine.\r\n<hr>\r\nSumber : Gigih Fikrillah S', 'Muhsin Maulana Putra', 1645787302, 'Artikel Anjing', 'Reproduksi'),
(28, 'Nutrisi baik untuk Anak Anjing', 'OLpet - Hallo para petlovers, Kali ini kita akan mengeksplore nutrisi-nutrisi untuk anak anjing yang sehat dan makanan yang tidak cepat bosan bagi anak anjing peliharaan kita, Tahukan kalian petlovers? Anak anjing mulai dapat diberi makanan padat pada usia 4 minggu, dimana pada usia tersebut kebutuhan nutrisinya tidak dapat tercukupi hanya dari susu induknya. pada usia 6 minggu umumnya anak anjing sudah dapat disapih atau dilepas dari susu induknya. untuk anak anjing dibawah usia 8 minggu pemberian makanan padat komersial dapat dilakukan dengan melunakkannya terlebih dahulu dengan air hangat.\r\n<hr>\r\nNutrisi untuk Anak Anjing : \r\n<hr>\r\nNutrisi yang dibutuhkan anak anjing adalah protein, lemak, karbohidrat, vitamin, mineral, energi, air dalam jumlah seimbang. Bila ada bagian yang kurang atau berlebihan dapat menyebabkan gangguan kesehatan.\r\n<hr>\r\nAnak anjing tidak membutuhkan tingkat energi terlalu tinggi dalam makanannya karena bila berlebihan dapat menyebabkan kelainan pertumbuhan tulang. Lemak dibutuhkan untuk mensupply energi, asam amino dan transport vitamin ADEK, bila kurang lemak dapat merusak vitamin dan asam amino sehingga kurus dan pertumbuhan bulu terhambat, dan bila berlebihan pertumbuhan tubuh dapat terlalu cepat, obesitas dan menyebabkan  gangguan pertumbuhan tulang.  karbohidrat dan energi diperlukan untuk aktivitas tubuh, tanpa ini tubuh akan mengubah protein dalam tubuh menjadi glukosa untuk dapat digunakan sehingga protein yg dibutuhkan untuk pembentukan jaringan menjadi terganggu.\r\n<hr>\r\nHal yang penting adalah vitamin dan mineral yang berperan penting dalam reaksi kimia dalam tubuh. namun pada diet khusus anak anjing komersial yang sudah terukur, penambahan suplemen vitamin dan  mineral tidak lagi dibutuhkan. vitamin dan mineral berlebihan dalam tubuh khususnya kalsium dan fosfor dapat menyebabkan gangguan pertumbuhan tulang.\r\n<hr>\r\nPemilihan makanan yang ideal untuk anak anjing sangat diperlukan terutama dalam 6 bulan pertama usianya karena akan menentukan kualitas kehidupan yang tampak dari pertumbuhan tubuh dan tulang yang baik, pertambahan berat badan ideal, rambut/bulu yang tebal dan bercahaya, tingkah laku yang ceria dan energik, kotoran yang berbentuk padat dengan warna coklat sampai agak gelap.\r\n<hr>\r\nMakanan komersial yang lengkap dan seimbang terdapat dalam 2 bentuk yaitu bentuk kaleng (basah) dan kering. perbedaan terdapat pada jumlah air, makanan basah juga lebih disukai karena bau dan rasanya lebih enak, sedangkan makanan kering dipilih karena lebih ekonomis. namun harus diperhatikan pemberian makanan basah jangan dibiarkan lebih dari 2 jam di udara terbuka karena akan memungkinkan masuk bakteri, begitupula penyimpanan dalam kulkas sebaiknya tidak melebihi 3hari.\r\n<hr>\r\nYang harus diperhatikan adalah ketersediaan air bersih yang cukup, tidak terbatas setiap saat karena dibutuhkan oleh metabolisme tubuh.\r\n<hr>\r\nPemberian makanan padat dapat dibagi 3-4 kali sehari, dan setelah 6 bulan dapat diberikan 2 kali sehari.\r\n<hr>\r\nAnjing berukuran kecil sampai sedang mendapatkan 50% berat badan dewasanya pada usia 4 bulan, sedangkan pada anjing trah besar dengan berat diatas 25 kg mencapai 50% berat badan dewasanya disekitar usia 5 bulan, akan tetapi hal ini juga bergantung dari breed anjing. Makanan khusus puppy pada anjing kecil sampai medium diberikan hingga usia 12 bulan sedangkan trah besar dapat mulai menggunakan makanan khusus adult di usia 14-16 bulan.\r\n<hr>\r\nUntuk memperkenalkan makanan baru kepada anak anjing campurkan kedua jenis makanan dan berikan dengan rasio 25% - 50% - 75% - 100% dalam jangka waktu 7 hari. Hal ini bertujuan supaya pencernaan dapat beradaptasi, tidak kaget dan menyebabkan diare.\r\n<hr>\r\nPemberian treats dan makanan manusia sebaiknya dihindari atau dikurangi jumlahnya karena jumlah nutrisi berlebihan akan menyebabkan obesitas, gangguan pertumbuhan tulang dan umumnya makanan manusia akan lebih disukai anjing sehingga anjing menjadi manja tidak mau kembali ke makanan diet khusus yang lebih seimbang. selain itu harus diawasi kandungan bahan dalam makanan manusia yang berbahaya bagi anjing seperti bawang.\r\n<hr>\r\nBegitu juga  pada pemberian susu, sebaiknya dihindari bila anak anjing sudah bisa makan makanan padat. bila tetap ingin memberikan susu sebaiknya berikan formula khusus puppy atau kitten, susu bayi rendah laktosa, atau susu kambing. hal ini utk menghindari diare yang disebabkan lactosa intolerant pada pencernaan anak anjing yang sensitif.\r\n<hr>\r\nLakukan pula pemeriksaan kesehatan umum pada anak anjing secara berkala oleh dokter hewan, untuk mencegah penyakit infeksi dengan vaksinasi mulai usia 1,5 - 2 bulan dan pemberian obat cacing secara reguler untuk menghindari gangguan penyerapan nutrisi akibat cacingan.\r\n<hr>\r\nSumber : https://proplan.co.id/tips-artikel/artikel-anjing/nutrisi-untuk-anak-anjing', 'Muhsin Maulana Putra', 1645787294, 'Artikel Anjing', 'Nutrisi'),
(29, 'Pentingnya Vaksin Untuk Anak Anjing', 'OLpet - Hallo para petlovers, Kali ini kita akan mengenali pentingnya vaksin untuk anak anjing, Tahukan kalian petlovers? Ketika PetLovers mulai mempertimbangkan untuk mengadopsi anak anjing, tentunya PetLovers akan memikirkan mengenai tempat tinggal mereka, makanan, tempat buang air, dan bagaimana membesarkan mereka menjadi anjing yang kuat dan sehat.\r\n<hr>\r\nNamun, ada hal yang tak kalah penting yang harus PetLovers perhatikan: pemberian vaksin untuk anak anjing. Memberikan vaksin berarti memasukkan suatu virus atau bakteri yang telah dimodifikasi sehingga dapat merangsang antibodi untuk melawannya dan mencegah efek buruk penyakit di masa yang akan datang.\r\n<hr>\r\nAda beberapa virus yang dapat menyerang anak anjing bahkan hingga berakibat fatal, yaitu kematian. Apa saja yang harus PetLovers perhatikan dalam memberikan pertama vaksin untuk anak anjing?\r\n\r\nPentingnya Vaksin Untuk Anak Anjing : <hr>\r\nUsia siap vaksin\r\n<hr>\r\nBerdasarkan American Animal Hospital Association (AAHA), Anak anjing dapat mulai diberi vaksin setiap dua hingga empat pekan saat berumur enam sampai enam belas minggu. Vaksin untuk anak anjing efektif jika mereka telah mulai mengenal makanan pertamanya.\r\n<hr>\r\nJangan malas untuk memberikan anak anjing PetLovers vaksin karena mencegah penyakit lebih baik daripada mengobati. Harga vaksin jauh lebih murah jika dibandingkan rawat inap saat anak anjing jika terserang penyakit fatal nantinya.\r\n<hr>\r\nSalah satu alasan kuat pentingnya vaksinasi adalah mengurangi kemungkinan infeksi virus dikarenakan belum ditemukannya obat yang bisa menyembuhkan secara baik.\r\n<hr>\r\nCek kesehatan\r\n<hr>\r\nSelalu konsultasikan dengan dokter hewan  mengenai waktu yang tepat untuk memvaksin. PetLovers juga perlu mempertimbangkan kesehatan mereka saat waktu vaksin datang, jangan sampai  memvaksin mereka saat kondisi mereka tidak benar-benar fit. Pastikan anak anjing tidak sedang bersin-bersin, demam, atau diare sebelum PetLovers membawanya untuk divaksin.\r\n<hr>\r\nEfek samping setelah vaksin\r\n<hr>\r\nBeberapa anak anjing akan mengalami gejala efek samping vaksin pada anjing setelah menerima vaksin, seperti demam, depresi, tidak nafsu makan, lemah, dan kurang bersemangat. Hal tersebut lumrah dan akan hilang dengan sendirinya dalam waktu maksimal dua hari.\r\n<hr>\r\nMengenal jenis vaksin wajib\r\n<hr>\r\nSebelum memutuskan untuk memvaksin anjing kesayangan, yuk kenali beberapa vaksin wajib untuk anjing kamu.\r\n<hr>\r\n- Vaksin DP (Distemper dan Parvovirus)\r\nMerupakan vaksin untuk anak anjing yang dapat membantu mencegah penyakit distemper dan parvovirus. Distemper sendiri merupakan penyakit yang biasa terjadi pada bulan bulan tertentu dan menyerang saluran pernapasan anjing dan mengakibatkan infeksi kulit serta membuat telapak kaki anjing menjadi keras.\r\n<hr>\r\nSedangkan parvovirus dapat menyerang saluran pencernaan dan menyebabkan diare, demam, dan muntah bahkan penurunan kemampuan untuk melawan infeksi.\r\n<hr>\r\n- Vaksin PiBr\r\nJenis vaksin untuk anak anjing ini membantu meningkatkan daya tahan terhadap penyakit yang biasa menginfeksi saluran penafasan seperti bordetella ataupun parainfluenza. Vaksin PiBr sebaiknya diberikan ketika usia anjing menginjak sepuluh hingga dua belas minggu. Meskipun sebenarnya tidak menyebabkan kematian, namun kedua penyakit penafasan tersebut dapat memperpendek rasio hidup anak anjing.\r\n<hr>\r\n- Vaksin DHLPI\r\n-Vaksin jenis ini mencakup perlindungan terhadap penyakit distemper, hepatitis, leptospirosis, dan parvovirus. Normalnya akan diberikan saat anak anjing berusia empat belas hingga enam belas minggu.\r\n<hr>\r\n- Vaksin DHLPII+R\r\nMemasuki usia duapuluh minggu, PetLovers dapat memberikan vaksinasi jenis DHLPII+R. “D” pada “DHLPII+R” adalah pencegahan untuk distemper, “H” untuk hepatitis, “L” untuk  leptospirosis, dan “R” adalah untuk membantu perlindungan terhadap virus Rabies\r\n<hr>\r\n- Vaksin Rabies\r\nPenyakit Rabies merupakan penyakit yang cukup sering kita dengar pada anjing, dikarenakan menyerang sistem saraf pusat maka gejala yang perlu PetLovers perhatikan yakni: menyebabkan sakit kepala, halusinasi, kecemasan, air liur berlebihan, takut akan air, hingga kematian.\r\n<hr>\r\nKarena cukup mematikan maka perawatan dalam beberapa jam setelah terinfeksi menjadi sangat penting. Perlindungan terhadap penyakit mematikan ini dapat PetLovers berikan pada usia empat bulan hingga enam bulan dan harus diulang setiap tahunnya.\r\n<hr>\r\nMemberikan anak anjing vaksin yang tepat dapat mencegah terjangkitnya penyakit yang merugikan tumbuh kembang anak anjing PetLovers.\r\n<hr>\r\nDukung juga daya tahan tubuh mereka dengan memberikan nutrisi yang baik seperti PRO PLAN Puppy. Kandungan kolostrumnya dapat menjaga daya tahan tubuh anak anjing.\r\n<hr>\r\nSumber : https://proplan.co.id/tips-artikel/artikel-anjing/pentingnya-vaksin-untuk-puppy', 'Muhsin Maulana Putra', 1645787286, 'Artikel Anjing', 'Vaksin');

-- --------------------------------------------------------

--
-- Struktur dari tabel `user`
--

CREATE TABLE `user` (
  `id` int(11) NOT NULL,
  `name` varchar(128) DEFAULT NULL,
  `email` varchar(128) DEFAULT NULL,
  `image` varchar(128) DEFAULT NULL,
  `password` varchar(256) DEFAULT NULL,
  `role_id` int(11) DEFAULT NULL,
  `is_active` int(1) DEFAULT NULL,
  `date_created` int(11) DEFAULT NULL
) ENGINE=InnoDB DEFAULT CHARSET=utf8mb4;

--
-- Dumping data untuk tabel `user`
--

INSERT INTO `user` (`id`, `name`, `email`, `image`, `password`, `role_id`, `is_active`, `date_created`) VALUES
(1, 'Muhammad Rizaldi Luthfian', 'luthfianmr24@gmail.com', 'download.png', '$2y$10$xQzs6al7reqV0qEzAXiB/ufjs0HBqS76m/neE2tC5v0MtgtO1wxnC', 1, 1, 1644370108),
(2, 'MesyaFaizah', 'mesyahasdininur81@gmail.com', 'default.jpg', '$2y$10$OuwkpjW.zXNu9ef080DnGuPMx/c5ryJ9hhuGWclOxY.8w5vUVujs2', 1, 1, 1645718693),
(3, 'Muhsin Maulana Putra', 'muhsin.10119345@mahasiswa.unikom.ac.id', 'default.jpg', '$2y$10$zeICJfm5Q1wZP0mdDubR4eocC8.eakZnZApb3G240NAqayKJjM3vG', 1, 1, 1645769863),
(4, 'Muhammad Rizaldi Luthfian', 'rizaldi.10119348@mahasiswa.unikom.ac.id', 'default.jpg', '$2y$10$agY7KFWahoo/9gAWqjmOU.qoQ/2Kgj5D76uY9ZX2qmAifqH.pKNtW', 2, 1, 1645784078),
(5, 'Athian_Rizki', 'iyanthubet@gmail.com', 'default.jpg', '$2y$10$W2JettTxrNT.r3WsSqLLVuDA3ovpOZgpVUWWX6aBwcehtNjlx.uuO', 2, 1, 1645801145);

-- --------------------------------------------------------

--
-- Struktur dari tabel `user_access_menu`
--

CREATE TABLE `user_access_menu` (
  `id` int(11) NOT NULL,
  `role_id` int(11) DEFAULT NULL,
  `menu_id` int(11) DEFAULT NULL
) ENGINE=InnoDB DEFAULT CHARSET=utf8mb4;

--
-- Dumping data untuk tabel `user_access_menu`
--

INSERT INTO `user_access_menu` (`id`, `role_id`, `menu_id`) VALUES
(1, 1, 1),
(2, 1, 2),
(3, 2, 2),
(4, 1, 3),
(5, 1, 4);

-- --------------------------------------------------------

--
-- Struktur dari tabel `user_menu`
--

CREATE TABLE `user_menu` (
  `id` int(11) NOT NULL,
  `menu` varchar(128) DEFAULT NULL
) ENGINE=InnoDB DEFAULT CHARSET=utf8mb4;

--
-- Dumping data untuk tabel `user_menu`
--

INSERT INTO `user_menu` (`id`, `menu`) VALUES
(1, 'Admin'),
(2, 'User'),
(3, 'Menu'),
(4, 'Article');

-- --------------------------------------------------------

--
-- Struktur dari tabel `user_role`
--

CREATE TABLE `user_role` (
  `id` int(11) NOT NULL,
  `role` varchar(128) DEFAULT NULL
) ENGINE=InnoDB DEFAULT CHARSET=utf8mb4;

--
-- Dumping data untuk tabel `user_role`
--

INSERT INTO `user_role` (`id`, `role`) VALUES
(1, 'admin'),
(2, 'member');

-- --------------------------------------------------------

--
-- Struktur dari tabel `user_sub_menu`
--

CREATE TABLE `user_sub_menu` (
  `id` int(11) NOT NULL,
  `menu_id` int(11) DEFAULT NULL,
  `title` varchar(128) DEFAULT NULL,
  `url` varchar(128) DEFAULT NULL,
  `icon` varchar(128) DEFAULT NULL,
  `is_active` int(1) DEFAULT NULL
) ENGINE=InnoDB DEFAULT CHARSET=utf8mb4;

--
-- Dumping data untuk tabel `user_sub_menu`
--

INSERT INTO `user_sub_menu` (`id`, `menu_id`, `title`, `url`, `icon`, `is_active`) VALUES
(1, 1, 'Dashboard', 'admin', 'fas fa-fw fa-tachometer-alt', 1),
(2, 2, 'My Profile', 'user', 'fas fa-fw fa-user-circle', 1),
(3, 2, 'Edit Profile', 'user/edit', 'fas fa-fw fa-user-edit', 1),
(4, 3, 'Menu Management', 'menu', 'fas fa-fw fa-archive', 1),
(5, 3, 'Submenu Management', 'menu/submenu', 'fas fa-fw fa-file-archive', 1),
(6, 4, 'List Article', 'article', 'far fa-fw fa-newspaper', 1);

--
-- Indexes for dumped tables
--

--
-- Indeks untuk tabel `article`
--
ALTER TABLE `article`
  ADD PRIMARY KEY (`id`);

--
-- Indeks untuk tabel `user`
--
ALTER TABLE `user`
  ADD PRIMARY KEY (`id`);

--
-- Indeks untuk tabel `user_access_menu`
--
ALTER TABLE `user_access_menu`
  ADD PRIMARY KEY (`id`);

--
-- Indeks untuk tabel `user_menu`
--
ALTER TABLE `user_menu`
  ADD PRIMARY KEY (`id`);

--
-- Indeks untuk tabel `user_role`
--
ALTER TABLE `user_role`
  ADD PRIMARY KEY (`id`);

--
-- Indeks untuk tabel `user_sub_menu`
--
ALTER TABLE `user_sub_menu`
  ADD PRIMARY KEY (`id`);

--
-- AUTO_INCREMENT untuk tabel yang dibuang
--

--
-- AUTO_INCREMENT untuk tabel `article`
--
ALTER TABLE `article`
  MODIFY `id` int(11) NOT NULL AUTO_INCREMENT, AUTO_INCREMENT=30;

--
-- AUTO_INCREMENT untuk tabel `user`
--
ALTER TABLE `user`
  MODIFY `id` int(11) NOT NULL AUTO_INCREMENT, AUTO_INCREMENT=6;

--
-- AUTO_INCREMENT untuk tabel `user_access_menu`
--
ALTER TABLE `user_access_menu`
  MODIFY `id` int(11) NOT NULL AUTO_INCREMENT, AUTO_INCREMENT=6;

--
-- AUTO_INCREMENT untuk tabel `user_menu`
--
ALTER TABLE `user_menu`
  MODIFY `id` int(11) NOT NULL AUTO_INCREMENT, AUTO_INCREMENT=7;

--
-- AUTO_INCREMENT untuk tabel `user_role`
--
ALTER TABLE `user_role`
  MODIFY `id` int(11) NOT NULL AUTO_INCREMENT, AUTO_INCREMENT=3;

--
-- AUTO_INCREMENT untuk tabel `user_sub_menu`
--
ALTER TABLE `user_sub_menu`
  MODIFY `id` int(11) NOT NULL AUTO_INCREMENT, AUTO_INCREMENT=8;
COMMIT;

/*!40101 SET CHARACTER_SET_CLIENT=@OLD_CHARACTER_SET_CLIENT */;
/*!40101 SET CHARACTER_SET_RESULTS=@OLD_CHARACTER_SET_RESULTS */;
/*!40101 SET COLLATION_CONNECTION=@OLD_COLLATION_CONNECTION */;
